,X,Y,GEOID
0,-87.63004035576937,41.74247518248426,17031842400
1,-87.6818820146571,41.83209440350829,17031840300
2,-87.63509777614824,41.8510058477232,17031841100
3,-87.68334196400778,41.855561874827515,17031841200
4,-87.63140452575338,41.871044193578264,17031839000
5,-87.6750793645062,41.87041569706625,17031838200
6,-87.72999163032947,41.77492752559756,17031650301
7,-87.6374120648527,41.66359796193922,17031530503
8,-87.84415466818848,41.97534633781166,17031760803
9,-87.65493608164687,41.988886306491956,17031030601
10,-87.65273167679095,41.985919318788234,17031030604
11,-87.69441487499267,41.98680817077086,17031020801
12,-87.6061,41.6597,17031540102
13,-87.69255030516022,41.86376385261744,17031843300
14,-87.5997934458805,41.65021997246178,17031540101
15,-87.61007462645026,41.74821007123041,17031440201
16,-87.63090052730061,41.905859735339845,17031080202
17,-87.64220206640624,41.930582879755,17031070102
18,-87.65245002914139,41.967285268580326,17031031501
19,-87.65236556818395,41.96363263650418,17031031502
20,-87.65673445950148,41.77229430034273,17031834900
21,-87.64508785007297,41.78363025892524,17031834800
22,-87.7130876517839,41.955584101904186,17031160502
23,-87.71357531281656,41.96354820995385,17031140702
24,-87.62517035037656,41.834959971716984,17031842000
25,-87.77204361339726,41.95679796554535,17031150402
26,-87.59630964394316,41.776944814676426,17031834400
27,-87.69400051967807,41.97258048263952,17031040201
28,-87.69409602164049,41.979854913293856,17031040202
29,-87.70538839124454,41.99528918207814,17031020702
30,-87.69463059959055,41.99405924250897,17031020802
31,-87.70518637752751,42.00686524025239,17031020301
32,-87.72018510828305,41.862577532977795,17031838700
33,-87.70180241167141,42.00087463482688,17031020601
34,-87.70791320759263,41.86162253531823,17031841500
35,-87.70082362451144,41.8678232670211,17031838600
36,-87.7055523987856,41.87161905473672,17031837300
37,-87.69363728155761,42.001315618707224,17031020602
38,-87.64302417469688,41.93454089686868,17031063301
39,-87.6841274003117,41.88475010468061,17031837800
40,-87.69380127829913,41.87597471380749,17031837400
41,-87.70613618170982,41.88188305457944,17031836900
42,-87.69496340704133,42.008540658996246,17031020302
43,-87.67869709623234,41.994249971806916,17031020902
44,-87.6786203565633,42.00914816104907,17031010701
45,-87.6546954398029,41.995380423108,17031030103
46,-87.63466131418058,41.9347311624964,17031063303
47,-87.65513190878293,41.99339665596248,17031030102
48,-87.66332746402568,42.0045171089825,17031010502
49,-87.6631269144168,42.00032005328064,17031010503
50,-87.67272572023363,42.009020001540655,17031010702
51,-87.69872096582546,41.88567366323089,17031837100
52,-87.69867387852472,41.87832338220376,17031837000
53,-87.68014855218513,42.0160076006451,17031010201
54,-87.68608508499148,41.99423557903059,17031020901
55,-87.68608162782627,41.97206673735151,17031040401
56,-87.71257285104976,41.93416688040899,17031210602
57,-87.71297316634042,41.959209826968774,17031160501
58,-87.7705333676238,41.920228900043995,17031191302
59,-87.77073706729834,41.92756040223099,17031190602
60,-87.64919147272944,41.84457482923684,17031840200
61,-87.63216595749735,41.67427791399445,17031530501
62,-87.70368969259569,41.986891558552614,17031020701
63,-87.75608827607955,41.86911848297459,17031831400
64,-87.7442595482136,41.90776632323579,17031831300
65,-87.66395812443758,42.00941174932912,17031010501
66,-87.6572424682146,41.885288245838815,17031833000
67,-87.84484741831591,41.983484803763915,17031760801
68,-87.76957253474929,41.875487646999616,17031252101
69,-87.75981156821476,41.87659228818026,17031252102
70,-87.7445832387377,41.876758442580545,17031252202
71,-87.71288365533879,41.925825208956304,17031220601
72,-87.72205243034693,41.9337846267449,17031210502
73,-87.7119813661754,41.929331177365185,17031220602
74,-87.7212482947184,41.91918162886349,17031220901
75,-87.72183572974886,41.92271118893226,17031220902
76,-87.73754189629305,41.91982848437763,17031200401
77,-87.7296789634751,41.91963483222523,17031200402
78,-87.78026544967742,41.92015218140158,17031191301
79,-87.78046060718184,41.927414618454286,17031190601
80,-87.76142166251074,41.92979591030655,17031190701
81,-87.7610395390833,41.926163042865454,17031190702
82,-87.78095236407478,41.93472768344215,17031190401
83,-87.77123177067185,41.934859637253595,17031190402
84,-87.65324127084092,41.95282144225751,17031832100
85,-87.64047558592745,41.80165683566287,17031843800
86,-87.69830431779518,41.807533753968485,17031842800
87,-87.62774624289237,41.827274244030136,17031351500
88,-87.75096144382123,41.785990190380154,17031980100
89,-87.65412508636183,41.871691450974346,17031833300
90,-87.66189080792883,41.87417533895603,17031832900
91,-87.68065013177899,41.87736429142296,17031838000
92,-87.6716805484159,41.87866521261404,17031838100
93,-87.65160519075232,41.98023518050804,17031030706
94,-87.62286192304198,41.81019270272042,17031381500
95,-87.65704538762004,41.87907673086234,17031833100
96,-87.63274641803926,41.88102686254463,17031839100
97,-87.62621204437693,41.89915380624777,17031081201
98,-87.77226481364778,41.96456765641549,17031150401
99,-87.78196382531227,41.964476277184154,17031150501
100,-87.72275229583184,41.86793480630123,17031843000
101,-87.67293787678135,41.8631385430796,17031842900
102,-87.73361033947415,41.89527865886161,17031842100
103,-87.64296872542037,41.86789230931981,17031841900
104,-87.63100543213041,41.90949844534007,17031080201
105,-87.63255807586873,41.930464018865024,17031070101
106,-87.6218107274037,41.90613767613106,17031081202
107,-87.67881807077887,41.97254500701176,17031040402
108,-87.7242313064741,41.92936868950296,17031220702
109,-87.7231695039322,41.96920551707477,17031140301
110,-87.64988573496221,41.904933881721846,17031842200
111,-87.69079,41.94482,17031843700
112,-87.68604922603046,41.782849482323066,17031835000
113,-87.65606634036389,41.90220091809602,17031842300
114,-87.71009494751303,41.91188211558981,17031230200
115,-87.686248038264,41.79015759859061,17031835100
116,-87.64503336485507,41.79069030493987,17031834700
117,-87.75435269944332,41.94238266332487,17031151001
118,-87.7471553839547,41.9424917748882,17031151002
119,-87.70063473920688,41.956092925285226,17031160602
120,-87.7258908723061,41.96464719012681,17031140601
121,-87.71265248732009,41.9670374773786,17031140701
122,-87.721016581945,41.96465209632064,17031140602
123,-87.59919873225877,41.80597816670436,17031390500
124,-87.59942125697457,41.766306551675655,17031841800
125,-87.62321576599423,41.77695049648272,17031842500
126,-87.65169495935287,41.81621859470305,17031842600
127,-87.69675436456255,41.83821452735115,17031843500
128,-87.73202141739938,41.84932716632542,17031843400
129,-87.7237891691879,41.97254850933165,17031140302
130,-87.76192501361503,41.97700234921022,17031110501
131,-87.60405818982107,41.80592436370079,17031390400
132,-87.66339452697672,41.847439511553084,17031843200
133,-87.70737100649562,41.84083297265672,17031840800
134,-87.7598503634321,41.97028661021266,17031110502
135,-87.84721686859893,41.95783214888767,17031760802
136,-87.78184135781618,41.956778464188666,17031150502
137,-87.70071234755646,41.86075009643528,17031843100
138,-87.59177421226808,41.74584474644211,17031834300
139,-87.57601703632164,41.776599048548725,17031843900
140,-87.73225034179039,41.915318796874416,17031831200
141,-87.79761487512508,41.925610561391636,17031831600
142,-87.78802247583761,41.92764195503963,17031831500
143,-87.71749554534136,41.94285581094766,17031831100
144,-87.74525515488571,41.95265085254779,17031831700
145,-87.7131559095062,41.871786132274785,17031271500
146,-87.60976203758224,41.74095993422832,17031440202
147,-87.60116366358136,41.740935690005756,17031440102
148,-87.5616340898703,41.76938247706727,17031430102
149,-87.65482170209484,41.980689402155775,17031030702
150,-87.65839786762604,41.98547623470327,17031030603
151,-87.65796586018746,41.98274528951097,17031030701
152,-87.60175841516765,41.80153230964867,17031836300
153,-87.63840386008951,41.901566545384405,17031838300
154,-87.6431623534689,41.83506741565074,17031839800
155,-87.70880592428153,41.89869732100561,17031836600
156,-87.64854151888316,41.726411555376195,17031730202
157,-87.5739529103363,41.76982643942091,17031430101
158,-87.63985397904042,41.93476468089872,17031063302
159,-87.60128475209092,41.79046920506407,17031836200
160,-87.62940597961179,41.92215307591281,17031071400
161,-87.63920030018383,41.841868083928034,17031840100
162,-87.69931021605846,41.81456170949668,17031580502
163,-87.71441060795694,41.85330986959875,17031841400
164,-87.61975201545292,41.89503904573094,17031081401
165,-87.60996759660905,41.89190829618846,17031081403
166,-87.65787079857321,41.97887486311849,17031030703
167,-87.61168434575025,41.81400356793885,17031836000
168,-87.6187192016108,41.813046250581515,17031835800
169,-87.62149886844728,41.820166441835646,17031835900
170,-87.62473600334073,41.788082328998954,17031834500
171,-87.6089488234773,41.806765408438324,17031843600
172,-87.69949615131716,41.819985985767296,17031580501
173,-87.6343056643491,41.787246668586036,17031834600
174,-87.71645278776519,41.97823321912983,17031831800
175,-87.64118280248842,41.91647253684438,17031071600
176,-87.6540551337549,41.914749193916194,17031832600
177,-87.64345992815454,41.943236717361735,17031061901
178,-87.64870684576258,41.827122923063875,17031839900
179,-87.65564251215157,41.997277253359165,17031030104
180,-87.90448852338,42.01239068584783,17031770602
181,-87.6523571405071,41.83307982399038,17031839700
182,-87.74528660915978,41.79664364644083,17031835200
183,-87.54779925899727,41.731864791487205,17031833900
184,-87.71386248059808,41.885044841525314,17031836800
185,-87.57231914874218,41.683509801189864,17031838800
186,-87.7021747373766,41.891704044129554,17031836700
187,-87.67997293652839,41.920478020895644,17031832200
188,-87.75210511329922,41.87669586428774,17031252201
189,-87.67699929503189,41.914787743009654,17031831000
190,-87.69225648512098,41.915741101937144,17031832400
191,-87.64260515424577,41.92681098246071,17031070103
192,-87.7215650628942,41.926155391496344,17031220701
193,-87.70760322718297,41.85537715561263,17031841600
194,-87.83618393692315,41.97006567130743,17031770902
195,-87.69828723443291,41.77995404928052,17031660301
196,-87.69839262564481,41.78359568685004,17031660302
197,-87.72775914978622,41.84518462855589,17031301802
198,-87.62949850386252,41.72753593887278,17031834000
199,-87.583606997776,41.75556757165667,17031834200
200,-87.65791135800691,41.72683017585364,17031730201
201,-87.63254190709912,41.8163541361101,17031835500
202,-87.619289517281,41.83409742214872,17031839500
203,-87.6220359602729,41.842010701645684,17031839200
204,-87.62667368725042,41.66480492007853,17031530502
205,-87.66767952749773,41.833847834338705,17031840400
206,-87.61738686351103,41.84844846230394,17031841000
207,-87.65466774349531,41.99127066401032,17031030101
208,-87.73130642276442,41.73836512087446,17031700302
209,-87.71182339405041,41.7382301195524,17031700402
210,-87.71203548141179,41.74553710382449,17031700401
211,-87.72395086947215,41.83006542672963,17031830500
212,-87.70418178182925,41.85313012802931,17031841700
213,-87.73999541843452,41.7820943709791,17031640100
214,-87.69426643348663,41.85293022832567,17031840700
215,-87.68303094548203,41.84408348284461,17031841300
216,-87.73504917521039,41.84166178837601,17031301801
217,-87.64376299149941,41.95384788061138,17031060800
218,-87.67144902862711,41.91920701767059,17031832300
219,-87.66411855927687,41.92187778798585,17031832500
220,-87.65429816046213,41.94629408023388,17031832000
221,-87.70214908734631,41.95953153105994,17031160601
222,-87.722330133986,41.9374012930469,17031210501
223,-87.7122139947814,41.93763561812597,17031210601
224,-87.62075315477495,41.89833539670486,17031081300
225,-87.68876827149514,41.738851967792314,17031700502
226,-87.61868250674155,41.799805017855974,17031836100
227,-87.62759778508796,41.81284438314514,17031835700
228,-87.65680349158447,41.9491397601241,17031061100
229,-87.59583250769957,41.821175101159234,17031836400
230,-87.60063789311734,41.828276986172604,17031836500
231,-87.61924946621154,41.82744116539467,17031839600
232,-87.63829892316339,41.831166454765125,17031840000
233,-87.632201316773,41.80183540692445,17031835600
234,-87.67657749769981,41.965141326713415,17031830800
235,-87.55636449449398,41.74002784336031,17031460301
236,-87.71962538618085,41.84248052924093,17031301701
237,-87.65226127658657,41.856506940428325,17031310400
238,-87.61793947901796,41.681852276474665,17031530100
239,-87.62910901020639,41.900206565272576,17031081100
240,-87.76195803015139,41.94959156717532,17031150700
241,-87.71952439700664,41.83880617031118,17031301702
242,-87.73171166566172,41.74562240876948,17031700301
243,-87.61532621339433,41.70328007995042,17031490902
244,-87.64711318534545,41.94648949003656,17031061800
245,-87.6162676498577,41.69605818337781,17031490901
246,-87.71774933334653,41.7750953459231,17031650302
247,-87.66879065025495,41.94516901866841,17031831900
248,-87.67357383308435,42.00169801145438,17031830600
249,-87.6853728497224,41.92862970854046,17031830900
250,-87.65917156245096,41.96097268177146,17031830700
251,-87.7026992728289,41.848179648900555,17031300900
252,-87.69034220666647,41.746213134834896,17031700501
253,-87.5573905031874,41.74708632727557,17031460302
254,-87.56278598490341,41.758385491894614,17031431302
255,-87.72007440938395,41.91556435214361,17031222900
256,-87.56018634789848,41.75353018680257,17031431301
257,-87.60139460170376,41.748634930021524,17031440101
258,-87.72787083373817,41.83954972050882,17031301803
259,-87.64420924331128,41.85630857294216,17031310200
260,-87.64898036453472,41.856139852332596,17031310300
261,-87.65475252299656,41.855225142912765,17031310500
262,-87.57497259028203,41.715737797345746,17031510300
263,-87.61682145254126,41.68912325576372,17031491400
264,-87.60030206564578,41.700855940372506,17031500200
265,-87.63239539589173,41.681561173790406,17031530200
266,-87.69860836254792,41.6972863766069,17031740100
267,-87.73183196367809,41.96536192928601,17031140500
268,-87.70277513254378,41.96449419255569,17031140800
269,-87.6979662730263,41.8470211916311,17031301100
270,-87.75241310150174,41.96067491955716,17031150200
271,-87.76228589653202,41.96051811185342,17031150300
272,-87.69147707487872,41.84841714991751,17031301200
273,-87.7193159070734,41.68723864287923,17031740400
274,-87.68591265430885,42.00848693748534,17031020400
275,-87.77163525870841,41.781532053497486,17031640300
276,-87.77142982108232,41.776036111571855,17031640600
277,-87.65716652909433,42.00544009242691,17031010400
278,-87.64596598894748,41.91458551994055,17031071800
279,-87.7308957632922,41.957268222045094,17031160300
280,-87.66490611817296,41.855990340502395,17031310700
281,-87.62676274962398,41.91491426824243,17031071500
282,-87.64107175212969,41.91286663109457,17031071700
283,-87.6665822534709,41.776699279311146,17031671200
284,-87.67640438447691,41.78657828767553,17031670500
285,-87.67157719891495,41.78300550752294,17031670600
286,-87.66673146120485,41.78306861932548,17031670700
287,-87.66187901305672,41.78314423073126,17031670800
288,-87.65702200541706,41.78321241503958,17031670900
289,-87.66171176629437,41.7767815578405,17031671100
290,-87.67134933183519,41.77390159974387,17031671300
291,-87.67622886096798,41.77379220888192,17031671400
292,-87.66963200047113,41.76817214977094,17031671500
293,-87.66151183086801,41.76949991318839,17031671600
294,-87.65720835323019,41.79049374097375,17031670100
295,-87.73394928055485,41.91172352644211,17031230500
296,-87.73399512740822,41.90618898578398,17031230600
297,-87.68970921674776,41.91216126708638,17031240600
298,-87.69453441576263,41.9079977707552,17031241000
299,-87.74380099982477,41.91922980667118,17031191000
300,-87.63579864631842,41.907490034681075,17031080300
301,-87.70758180473307,41.84811086322551,17031300800
302,-87.73022645158734,41.782222363849094,17031650200
303,-87.70794319108295,41.77524342558961,17031660500
304,-87.69453203932333,41.92080131392847,17031221400
305,-87.73068292666329,41.94997670000567,17031161000
306,-87.63253985059195,41.827417720295685,17031340600
307,-87.68363652497301,41.91197004191533,17031240500
308,-87.69459936857967,41.91211719942123,17031240700
309,-87.69948216482909,41.91210574454849,17031240800
310,-87.7018836562075,41.904742159128475,17031240900
311,-87.68958200960253,41.906667307985074,17031241100
312,-87.76146345325535,41.934986421612976,17031190300
313,-87.75136236759948,41.927818631920516,17031190800
314,-87.74410482451043,41.92792259622774,17031190900
315,-87.7509763515862,41.91962934229315,17031191100
316,-87.76082695561426,41.92014322910201,17031191200
317,-87.6267897686655,41.90755366518574,17031080100
318,-87.6409021019478,41.90741161581309,17031080400
319,-87.63210893191872,41.90026556910194,17031081000
320,-87.77175783371776,41.94947309630364,17031150600
321,-87.71225203718319,41.84075721627706,17031301600
322,-87.6841982374631,42.00131290427508,17031020500
323,-87.6521323495783,41.662275312277146,17031821402
324,-87.68617256132747,41.695391113902744,17031750300
325,-87.73974176635734,41.77482396682295,17031640800
326,-87.6520282960185,41.695834473147485,17031750100
327,-87.71270547940297,41.70471469477476,17031740200
328,-87.71718034365908,41.76532483177332,17031650400
329,-87.73205784969623,41.76225413421047,17031650500
330,-87.69334058041626,41.77728716051732,17031660600
331,-87.71036088957008,41.92102054154028,17031221100
332,-87.69975406163857,41.921125676826485,17031221300
333,-87.68995134669431,41.92164688814176,17031221500
334,-87.68711539297236,42.015719704189074,17031020100
335,-87.6850967237769,41.92124991264214,17031221600
336,-87.71281457724747,41.950213135790754,17031160800
337,-87.72260823306299,41.95008208416246,17031160900
338,-87.71509532396794,41.915434882890835,17031222800
339,-87.73815124706607,41.94987713211326,17031161100
340,-87.73857007451011,41.942548955393,17031161200
341,-87.73100230818807,41.94269945175047,17031161300
342,-87.71785617320855,41.78237621149007,17031650100
343,-87.63053543358797,41.8613413491014,17031330200
344,-87.61327769449389,41.783013512149736,17031420600
345,-87.61069325261909,41.77669145058357,17031420700
346,-87.68504459020053,41.76181853122602,17031661000
347,-87.70276951380004,41.681416171859716,17031823304
348,-87.66984419910764,42.02126162051242,17031010100
349,-87.71498894270849,41.91181731501369,17031230300
350,-87.79124739059756,41.78117830327773,17031640400
351,-87.79098786029235,41.77568235531135,17031640500
352,-87.75193466200395,41.776410896698344,17031640700
353,-87.77149534842928,41.94216898583415,17031151200
354,-87.66857374612319,41.85593372130167,17031310800
355,-87.70804407562004,41.78253211192194,17031660400
356,-87.67176977530826,41.790299679516956,17031670400
357,-87.6320352412739,41.841885059025365,17031340400
358,-87.60325691984389,41.77690977673083,17031420800
359,-87.60896602707359,41.770656940784505,17031421200
360,-87.70268813285604,41.760787355554854,17031661100
361,-87.69959635619219,41.91570754692202,17031222500
362,-87.75164892978229,41.93511366979464,17031190200
363,-87.59435040527273,41.80601812917411,17031390600
364,-87.66653510546658,42.01594074011376,17031010300
365,-87.66768331452276,42.00627858823896,17031010600
366,-87.69951911897101,42.01569025490521,17031020200
367,-87.75211816203723,41.949708613120954,17031150800
368,-87.76171751796734,41.942290343232834,17031151100
369,-87.70436809206977,41.91202860380485,17031230100
370,-87.74279509358537,41.96462845198568,17031160100
371,-87.73840199161617,41.9587909841186,17031160200
372,-87.72282385292658,41.95736577073797,17031160400
373,-87.65956565368519,41.85633480852498,17031310600
374,-87.67467409536239,41.85577165360641,17031310900
375,-87.61736675901997,41.87772138115119,17031320400
376,-87.6615446963773,41.9452817672162,17031061500
377,-87.61688170745303,41.87113738283481,17031320600
378,-87.71072326090174,41.695069332101724,17031740300
379,-87.68109546141251,41.773845358698594,17031660700
380,-87.71019138281294,41.91549084982123,17031222700
381,-87.70464995422148,41.921083120402926,17031221200
382,-87.70198329339239,41.95041900059103,17031160700
383,-87.68382619636907,41.91590953828485,17031222200
384,-87.63291692912878,41.83451818851391,17031340500
385,-87.61529452018165,41.85938992327736,17031330100
386,-87.63579100212856,41.842808556907606,17031340300
387,-87.62836949448798,41.84192911721898,17031350400
388,-87.6712332972348,41.68461606826386,17031750500
389,-87.68507118543654,41.685656865708545,17031750400
390,-87.67142508439048,41.69566489366169,17031750200
391,-87.58134829770836,41.76973138320276,17031430200
392,-87.69326554344238,41.77364113241077,17031660800
393,-87.69799869881135,41.76810406428669,17031660900
394,-87.66206264824349,41.79042479136331,17031670200
395,-87.66691669287835,41.790357644765265,17031670300
396,-87.7044797154094,41.915638767908135,17031222600
397,-87.72153968555247,41.9118319606011,17031230400
398,-87.81271068391457,41.948908111081,17031170400
399,-87.62376797892173,41.813806051755996,17031380700
400,-87.61388848267778,41.80395568221495,17031381900
401,-87.599476543505,41.81304104287882,17031390200
402,-87.79652374463501,41.94180711621033,17031171000
403,-87.79867309796205,41.934478873668226,17031180100
404,-87.60420890348045,41.81320062441177,17031390300
405,-87.58254201004276,41.8063784880796,17031390700
406,-87.61318355494575,41.79310403184025,17031400300
407,-87.61832105487008,41.79112620080193,17031400400
408,-87.62317914241427,41.79104146199282,17031400500
409,-87.62055799954341,41.782863336956694,17031400800
410,-87.57932264519003,41.801496661615545,17031410100
411,-87.61953196369697,41.74373812521141,17031440300
412,-87.60962935720373,41.73475140873182,17031440700
413,-87.5712982609022,41.76075000780546,17031430800
414,-87.65644807651164,41.76140103102333,17031671800
415,-87.6523524387574,41.790563991478024,17031680500
416,-87.64935955955467,41.76876653411694,17031681100
417,-87.7376041954734,41.9350481285613,17031200100
418,-87.59426780126887,41.80166752877002,17031410200
419,-87.65216524561183,41.78328114205971,17031680600
420,-87.83070174390016,41.94129424914996,17031170600
421,-87.62779424612361,41.82009886445982,17031380500
422,-87.62744628001263,41.80555024715612,17031381700
423,-87.58935357321577,41.76969115602987,17031430300
424,-87.55923220200361,41.765143241567564,17031430700
425,-87.58118514143828,41.76064096185502,17031430900
426,-87.57118433947649,41.75530112860212,17031431200
427,-87.54722550123601,41.75968474467847,17031431400
428,-87.7149563089122,41.905865120439,17031230800
429,-87.71506836256879,41.89925425194104,17031231100
430,-87.81160574056749,41.93619584592646,17031170900
431,-87.70133094904922,41.942868107436816,17031210100
432,-87.59351595559397,41.783458236053214,17031420200
433,-87.59869701520303,41.783224093827734,17031420300
434,-87.61916032967106,41.73269092941359,17031440600
435,-87.60332803460767,41.731712389008635,17031440800
436,-87.60900580179033,41.72866905980374,17031440900
437,-87.74057679036156,41.804008538188256,17031560400
438,-87.57908940389567,41.741943863152656,17031450300
439,-87.66128024484333,41.76132564780904,17031671900
440,-87.67112845305272,41.761198560534304,17031672000
441,-87.6376321678031,41.77642815056612,17031680900
442,-87.64955262631813,41.776039462764615,17031681000
443,-87.67018161636364,41.91244167330198,17031240200
444,-87.67507128948355,41.91236619078695,17031240300
445,-87.73562827296317,41.92785226905511,17031200200
446,-87.60374640955683,41.797827262117075,17031410500
447,-87.59894513939328,41.79797102278354,17031410600
448,-87.79481664049611,41.95585952170783,17031170100
449,-87.7815187828216,41.94935283082986,17031170200
450,-87.79682782060588,41.949124728066714,17031170300
451,-87.62119775847272,41.803848123277305,17031381800
452,-87.82889594334605,41.9500779975548,17031170500
453,-87.62408904097971,41.82740048867281,17031351400
454,-87.61399918157991,41.808511447240015,17031381200
455,-87.62142974943643,41.80762021661011,17031381400
456,-87.59063027695451,41.81384337842331,17031390100
457,-87.59032144847944,41.762177711267384,17031430400
458,-87.58127360322459,41.76428415856125,17031430500
459,-87.57137475950188,41.76438544833704,17031430600
460,-87.72153988635742,41.906340024694565,17031230700
461,-87.71035535528809,41.90671773733565,17031230900
462,-87.72131534423231,41.899061400462806,17031231200
463,-87.82216415410039,41.94148670443311,17031170700
464,-87.81237127630735,41.94157616657624,17031170800
465,-87.78128650542153,41.942052821589186,17031171100
466,-87.74438887330726,41.93521763865747,17031190100
467,-87.67471876525975,41.899589367526175,17031242200
468,-87.73412637639008,41.92348054195818,17031200300
469,-87.73029811675538,41.93575814066511,17031210400
470,-87.6950863410069,41.92846468427571,17031220300
471,-87.70384007595888,41.93570289944556,17031210700
472,-87.69893335494852,41.93574556440716,17031210800
473,-87.69333663605872,41.935439079235394,17031210900
474,-87.57740162945954,41.78341643143154,17031420100
475,-87.60355836148557,41.78316989789035,17031420400
476,-87.60842612566714,41.783100254200654,17031420500
477,-87.61984715196215,41.7546810947395,17031691300
478,-87.66319544102684,41.96544662199593,17031031700
479,-87.59648962970803,41.72822087220812,17031470100
480,-87.57560270343744,41.73524786300437,17031480100
481,-87.62001510705693,41.761965428836106,17031691000
482,-87.67960033613195,41.89950654541472,17031242300
483,-87.58970210576058,41.790449498659356,17031411100
484,-87.56369222539958,41.7444905581206,17031460400
485,-87.63849758065729,41.76918931180475,17031681200
486,-87.61210856357876,41.76816565622946,17031690500
487,-87.6753102573397,41.90602339343216,17031241400
488,-87.670937488585,41.90837593936567,17031241500
489,-87.66532773870568,41.906709710732024,17031241600
490,-87.66495365464455,41.89973714766048,17031242000
491,-87.6647387878606,41.892478170002576,17031243300
492,-87.63743827086239,41.6887764936847,17031491200
493,-87.58797255567829,41.72919428671,17031480300
494,-87.64881259854427,41.74783671846476,17031710800
495,-87.66728555268838,41.733504432131305,17031711300
496,-87.67332162755643,42.016050334414196,17031010202
497,-87.58988411916883,41.735123727190675,17031480200
498,-87.57563850709401,41.728449744658455,17031480400
499,-87.55905010668495,41.727550370397644,17031480500
500,-87.68468577280062,41.90670709044763,17031241200
501,-87.62987209842177,41.76171352162684,17031691100
502,-87.63218058390933,41.75443890617644,17031691200
503,-87.61016852144425,41.75484548864066,17031691400
504,-87.6759518015518,41.94142113093682,17031051200
505,-87.60029857819698,41.755043014710296,17031691500
506,-87.69530904210697,41.75359312723735,17031700100
507,-87.59419824873221,41.79803996711552,17031410700
508,-87.58962436116286,41.797958838685176,17031410800
509,-87.57665933886659,41.79787446964208,17031410900
510,-87.57687325065343,41.790715726320514,17031411000
511,-87.59401722542732,41.79055574803647,17031411200
512,-87.61899517345975,41.67039113125561,17031530600
513,-87.53574258660947,41.74615673366055,17031460100
514,-87.54701103403316,41.741386820679466,17031460200
515,-87.57260426319795,41.7468819216967,17031460500
516,-87.55951424897667,41.73563265817309,17031460600
517,-87.54928132702861,41.73558004055744,17031460700
518,-87.68102501626824,41.906771599037214,17031241300
519,-87.54652789730545,41.727405315476396,17031461000
520,-87.63986215167523,41.76117338901422,17031681300
521,-87.64919264378564,41.761530835614096,17031681400
522,-87.6666112467348,41.95753112664067,17031060100
523,-87.62901401910494,41.76866905365286,17031690300
524,-87.62020835882915,41.7692585339308,17031690400
525,-87.61034480445792,41.762142371477715,17031690900
526,-87.67151746797401,41.95790369584567,17031060200
527,-87.66983746937416,41.89966989630953,17031242100
528,-87.6745067534754,41.89235466214001,17031243100
529,-87.66962377706382,41.89243277286138,17031243200
530,-87.67674265768694,41.79759556274064,17031611600
531,-87.6598478569177,41.89255771458479,17031243400
532,-87.65251724619581,41.892653616989755,17031243500
533,-87.65830015378178,41.73950163683167,17031711100
534,-87.75107298799178,41.912350845854895,17031250200
535,-87.62805056959908,41.69975876932348,17031491000
536,-87.63769564971554,41.69975716673467,17031491100
537,-87.6419713137784,41.75339179486943,17031710100
538,-87.54986310289243,41.71311784344638,17031510100
539,-87.56004137460732,41.71425338106424,17031510200
540,-87.66110569971325,41.754048514347694,17031710300
541,-87.53979393153179,41.71380157304409,17031520200
542,-87.63968998793061,41.742146887307435,17031710900
543,-87.64858106719531,41.73964365724666,17031711000
544,-87.66982527564836,41.74055612826621,17031711200
545,-87.65212357959844,41.73365707535391,17031711400
546,-87.60892084919668,41.89297495363672,17031081402
547,-87.66094335965398,41.74766006721571,17031710600
548,-87.63570667263477,41.944927962514555,17031061902
549,-87.66523002318421,41.994441471183265,17031030200
550,-87.67253479487202,41.994387546771556,17031030300
551,-87.67207882365942,41.986951588347665,17031030400
552,-87.66493589008327,41.987226023368464,17031030500
553,-87.66418803779665,41.9799123285307,17031030800
554,-87.68449000674977,41.899421949375665,17031242400
555,-87.68931910639276,41.899445532550565,17031242500
556,-87.69419702417235,41.900560130673846,17031242600
557,-87.69937424850998,41.89742539298474,17031242700
558,-87.69032375646124,41.892632046262065,17031242800
559,-87.68428963573528,41.89219553451921,17031242900
560,-87.67939814165003,41.89227537674492,17031243000
561,-87.69996836527953,41.92843151808754,17031220400
562,-87.70491105649617,41.92839660089998,17031220500
563,-87.67062093011421,41.96701142795099,17031031800
564,-87.71525255727649,41.92096043060784,17031221000
565,-87.82943815126026,41.98757455311016,17031810400
566,-87.6701840556381,41.96337400998311,17031031900
567,-87.53087032002259,41.69311683635492,17031520500
568,-87.68910111256032,41.70283530504688,17031720500
569,-87.61914771412583,41.72538158988136,17031490300
570,-87.61082373274716,41.72365386397127,17031490400
571,-87.6084202847756,41.84174939336678,17031350100
572,-87.61419975461062,41.8277468898194,17031351100
573,-87.7606039604747,41.89854909615484,17031251200
574,-87.71891318784608,41.81620064104601,17031570100
575,-87.67144544433695,41.97979514806644,17031030900
576,-87.77063030978104,41.90569348653727,17031250600
577,-87.74125032334194,41.81536609665056,17031560100
578,-87.65301789120363,41.95815388296187,17031032100
579,-87.6132067765696,41.71792753125373,17031490500
580,-87.62833236856275,41.71795138488384,17031490600
581,-87.62836478320492,41.71073191797253,17031490700
582,-87.61533717534444,41.71068275928796,17031490800
583,-87.72382217732324,41.75299024893754,17031700200
584,-87.65142766860055,41.755112117943206,17031710200
585,-87.67093244421562,41.75391862186006,17031710400
586,-87.67078728915119,41.747531563260004,17031710500
587,-87.65688393449443,41.747110100641656,17031710700
588,-87.74489245114093,41.898694518223664,17031251000
589,-87.67188448754034,41.88600965139224,17031280400
590,-87.62093223737456,41.88504648048074,17031320100
591,-87.68664385664462,41.81021951136218,17031580800
592,-87.60597447545257,41.83478356548413,17031351000
593,-87.60990515310972,41.82687574708339,17031360200
594,-87.61010048013449,41.82019679259906,17031380100
595,-87.71865591055129,41.891731828583715,17031231500
596,-87.75201116981266,41.89862482012157,17031251100
597,-87.564010057535,41.6534293043138,17031550200
598,-87.7721659189951,41.79620554302962,17031560800
599,-87.79165137602041,41.79577006592689,17031560900
600,-87.60536971084397,41.68931505835201,17031500300
601,-87.79150325865936,41.78850207783454,17031561000
602,-87.77190984635348,41.78886975965895,17031561100
603,-87.73071452146274,41.81438034927561,17031570200
604,-87.65264258743017,41.71782119785858,17031730400
605,-87.63813859274812,41.71424953298453,17031730500
606,-87.65048570442981,41.7106003195261,17031730600
607,-87.65007922199996,41.703081692564076,17031730700
608,-87.76083843701359,41.91283912610286,17031250300
609,-87.77539556525349,41.9129077726091,17031250400
610,-87.7967955436002,41.91461865884496,17031250500
611,-87.76081003934016,41.905821277190576,17031250700
612,-87.75146764862093,41.906181782226405,17031250800
613,-87.53955708993318,41.70112335543309,17031520300
614,-87.54040381217101,41.689529496543145,17031520600
615,-87.74778044403413,41.81133964481616,17031560200
616,-87.74794935361545,41.80390715112503,17031560300
617,-87.7575201915945,41.79646264694355,17031560700
618,-87.63868814505665,41.732440658108814,17031711500
619,-87.67720697969798,41.702776448350136,17031720600
620,-87.67110936971112,41.972437064617345,17031031000
621,-87.70893395345017,41.82518758819096,17031580300
622,-87.6835072769523,41.95044743317277,17031050500
623,-87.6809279432069,41.94500947686554,17031050800
624,-87.68573171695688,41.94130243859346,17031051000
625,-87.68099047680944,41.93574897323022,17031051400
626,-87.64149137597967,41.89798321694662,17031081900
627,-87.76987341168798,41.88369355376605,17031252000
628,-87.73313533540733,41.88427582647414,17031260300
629,-87.70197484997355,41.97680137542104,17031040300
630,-87.69230341043074,41.96316274581195,17031040800
631,-87.67637298530035,41.95784512753345,17031050100
632,-87.68371677635231,41.95774056555192,17031050200
633,-87.6915185639173,41.95767809915099,17031050300
634,-87.6149860633483,41.82057401442024,17031380200
635,-87.64393212375423,41.84171841090424,17031600400
636,-87.62623002479897,41.89255912578125,17031081500
637,-87.6747271926867,41.72759441182571,17031720100
638,-87.66605027468223,41.71302465944045,17031720200
639,-87.67714512756349,41.71390273665005,17031720300
640,-87.6651387855229,41.703107100276654,17031720700
641,-87.6384256214215,41.72517710868896,17031730100
642,-87.66456514122592,41.727462841170066,17031730300
643,-87.6638662200163,41.97266845234939,17031031100
644,-87.65734101657041,41.972709243317006,17031031200
645,-87.64678533196734,41.97290958941033,17031031300
646,-87.64052086877403,41.96257032930345,17031031400
647,-87.7324552229474,41.79860147123596,17031570500
648,-87.69074504098218,41.82805425030293,17031580100
649,-87.69934773106847,41.826771852888655,17031580200
650,-87.67133166053567,41.950606116005424,17031060300
651,-87.70918446419579,41.815275490545815,17031580400
652,-87.69203144897847,41.81739794963082,17031580600
653,-87.65175240875737,41.681314284579585,17031530300
654,-87.67584041597932,41.93599587054162,17031051300
655,-87.5950235909614,41.714684090815375,17031500100
656,-87.67618131255072,41.95054668774878,17031050600
657,-87.67605949319612,41.94507103270666,17031050700
658,-87.68577800322869,41.94494655968161,17031050900
659,-87.68082663927268,41.94136517796269,17031051100
660,-87.637795508798,41.89325552522301,17031081800
661,-87.81358471506735,42.01525512962738,17031090100
662,-87.8132239144932,42.005598464656025,17031090200
663,-87.81661889753669,41.99922237647806,17031090300
664,-87.78303356092745,41.989580576975804,17031100100
665,-87.72822933073212,41.88432517782605,17031260200
666,-87.79424590062592,41.99561636701176,17031100200
667,-87.72333447811029,41.88435939586454,17031260100
668,-87.66628816416704,41.94155555969529,17031062400
669,-87.62780358766526,41.68889690184935,17031491300
670,-87.68666864316901,41.70999186112824,17031720400
671,-87.65152669626926,41.67403960419105,17031530400
672,-87.6467302295017,41.93465953985573,17031063400
673,-87.65204934271641,41.688631146623486,17031750600
674,-87.68199336917705,41.9833306596909,17031040100
675,-87.68401804670492,41.966833764156455,17031040600
676,-87.69408529809854,41.966805643216915,17031040700
677,-87.6838544254124,41.96318465787765,17031040900
678,-87.90389546005812,41.98026693652026,17031980000
679,-87.62887372923696,41.89210639591268,17031081600
680,-87.63186814613915,41.89206688373077,17031081700
681,-87.77038492897354,41.898425103386195,17031251300
682,-87.77012957583908,41.89099818364719,17031251400
683,-87.76034552652904,41.89111169842411,17031251500
684,-87.76010395848351,41.88381954093883,17031251900
685,-87.72799576235994,41.87705643741964,17031260700
686,-87.65315883072005,41.83651000396646,17031600900
687,-87.66244137027827,41.804993986064794,17031611200
688,-87.66126479739233,41.93615870779494,17031062800
689,-87.65641126115383,41.93623704554148,17031062900
690,-87.65156173731681,41.93631030646946,17031063000
691,-87.64677988248096,41.93823193902475,17031063100
692,-87.63464269751157,41.93916545688818,17031063200
693,-87.77344431813256,41.98006990617328,17031110200
694,-87.7518037239905,41.891406505201395,17031251600
695,-87.74447927528986,41.891384395206785,17031251700
696,-87.74788851776903,41.88414361253651,17031251800
697,-87.73079090697667,41.80414485595925,17031570300
698,-87.7191303907548,41.80499209937182,17031570400
699,-87.79739959998946,41.97920439655549,17031100600
700,-87.65664399183619,41.94258468199615,17031062200
701,-87.79762950771105,41.972123463046714,17031100700
702,-87.73200935605902,41.87133781867357,17031261000
703,-87.67098427901875,41.93597519512926,17031062600
704,-87.76969497672819,41.98748336966297,17031110100
705,-87.7228141481138,41.871029734311264,17031260900
706,-87.71779278953588,41.87623246801267,17031270500
707,-87.53049651540705,41.72033191946592,17031520100
708,-87.67216361692229,41.804890094395695,17031611400
709,-87.67510199334383,41.81617780362619,17031610300
710,-87.63840840259272,41.81270788213079,17031610800
711,-87.64993808143944,41.8047713864215,17031611000
712,-87.66611032263724,41.93608628484396,17031062700
713,-87.74006633285254,41.991113648307234,17031120300
714,-87.69848966246015,41.871496406008525,17031271800
715,-87.53072698614525,41.70299047921497,17031520400
716,-87.73772821464229,41.87666398647269,17031260500
717,-87.73286665210911,41.877107792521436,17031260600
718,-87.68684700553821,41.817488198403105,17031580700
719,-87.66164269452236,41.94905991760706,17031061200
720,-87.67990652024756,41.82666326227676,17031590500
721,-87.67292545601453,41.82683289518602,17031590600
722,-87.66385179751926,41.82678212815804,17031590700
723,-87.65546784030336,41.84225951744118,17031600600
724,-87.66062934622413,41.84069268876665,17031600700
725,-87.66653643331391,41.950673215082496,17031060400
726,-87.66050075074831,41.95272000048892,17031060500
727,-87.64047122846398,41.95069037399979,17031060900
728,-87.65197028838864,41.94922057552246,17031061000
729,-87.64707857779402,41.942576882732375,17031062000
730,-87.65177037400026,41.942691472665146,17031062100
731,-87.73804112896133,41.88421458315413,17031260400
732,-87.72309638150942,41.87708484117766,17031260800
733,-87.69857245023002,41.78996523819939,17031630800
734,-87.80440584830848,41.9887029323304,17031100300
735,-87.818041899982,41.988967625628426,17031100400
736,-87.81973219532145,41.97805995208207,17031100500
737,-87.66404576861805,41.8692735966958,17031283100
738,-87.70356215218996,41.87735974368369,17031271200
739,-87.66744912550949,41.810398455692386,17031610400
740,-87.6575817300694,41.805059007386454,17031611100
741,-87.66730385787598,41.804936274759996,17031611300
742,-87.66144316990977,41.94162777678851,17031062300
743,-87.67110725178192,41.94148802611782,17031062500
744,-87.67380229693303,41.92926243335449,17031070700
745,-87.65106141511481,41.921777795492545,17031071100
746,-87.64145776838603,41.9217794296563,17031071300
747,-87.71300424764827,41.970694893980195,17031140200
748,-87.66567662255741,41.92876277533993,17031070600
749,-87.75216253931373,41.977235880349944,17031120400
750,-87.7208086933143,41.99110417743685,17031130100
751,-87.73606640391637,41.98085092047562,17031130200
752,-87.70579416557985,41.97108445047547,17031140100
753,-87.65919904819533,41.869572589257814,17031283200
754,-87.73894299842462,41.971537022952155,17031140400
755,-87.72239911305634,41.85523989830915,17031292400
756,-87.68868121629664,41.87136690529845,17031282700
757,-87.73224293550128,41.855161072069,17031292500
758,-87.71733431829767,41.84799050564424,17031300600
759,-87.7124504052518,41.848072090735315,17031300700
760,-87.68491360992066,41.87026826863975,17031282800
761,-87.65375469203605,41.863414155559774,17031283800
762,-87.73245668752426,41.862410315109834,17031290900
763,-87.69221584335024,41.857641499644146,17031291600
764,-87.69404527576094,41.80274525796565,17031630200
765,-87.70845279248874,41.87730403071133,17031271300
766,-87.68512815304199,41.878630934685646,17031280900
767,-87.67197619340018,41.79759917873104,17031611700
768,-87.6476807278655,41.79791277286827,17031612100
769,-87.65131024936764,41.92904631020048,17031070300
770,-87.72193927477265,41.84742514104255,17031300500
771,-87.7128745865571,41.86266119850024,17031291200
772,-87.73044378176883,41.78950251091746,17031620300
773,-87.7181681614843,41.789638208033004,17031620400
774,-87.68166878911744,41.799271495025415,17031630100
775,-87.70863783786777,41.79886208230539,17031630300
776,-87.69878110097677,41.79725452360968,17031630400
777,-87.68901651976805,41.79742743333587,17031630500
778,-87.78323488713627,41.97529087119417,17031110300
779,-87.77261086046701,41.97295319487581,17031110400
780,-87.6428042439965,41.88529624776741,17031280100
781,-87.77500735173545,42.00198220329048,17031120100
782,-87.68890088009836,41.878596792857046,17031280800
783,-87.75761559899071,41.99452941275379,17031120200
784,-87.7133313721809,41.87724292756844,17031271400
785,-87.65591141236786,41.92170117492463,17031071000
786,-87.64262363419903,41.87924795024878,17031281900
787,-87.53532981165544,41.66503283625368,17031550100
788,-87.64621064524655,41.9218547757888,17031071200
789,-87.67865528116556,41.80544831287159,17031611500
790,-87.66711377792959,41.79764778872884,17031611800
791,-87.65982263908792,41.797743083277005,17031611900
792,-87.65253589191144,41.797846703409874,17031612000
793,-87.718025608493,41.798017634002825,17031620100
794,-87.72923373977096,41.79552142275603,17031620200
795,-87.64629298760185,41.9290778027509,17031070200
796,-87.65615626684857,41.92896725753591,17031070400
797,-87.66089221872414,41.928945530768566,17031070500
798,-87.71339147534155,41.98655897246484,17031130300
799,-87.71570675921576,41.856651781587274,17031292200
800,-87.7083654952343,41.78981146427123,17031630900
