,Pickup Census Tract,Dropoff Census Tract,MONTH,DAY,Trip Seconds,Trip Miles,Fare,Tip,Additional Charges,Trip Total,PRIVATE_TRIPS,SHARED_TRIPS,Trips Pooled,TOD,TOTAL_POP_ORIGIN,TOTAL_MALE_ORIGIN,TOTAL_FEMALE_ORIGIN,AGE_5U_ORIGIN,AGE_5_9_ORIGIN,AGE_10_14_ORIGIN,AGE_15_19_ORIGIN,AGE_20_24_ORIGIN,AGE_25_34_ORIGIN,AGE_35_44_ORIGIN,AGE_45_54_ORIGIN,AGE_55_59_ORIGIN,AGE_60_64_ORIGIN,AGE_65_74_ORIGIN,AGE_75_84_ORIGIN,AGE_85P_ORIGIN,MEDIAN_AGE_ORIGIN,TOTAL_HHLDS_ORIGIN,AVG_HHLD_SIZE_ORIGIN,AVG_FAMILY_SIZE_ORIGIN,TOTAL_POP_18_24_ORIGIN,TOTAL_POP_18_24_NO_HIGH_SCHOOL_ORIGIN,TOTAL_POP_18_24_HIGH_SCHOOL_ORIGIN,TOTAL_POP_18_24_SOME_COLLEGE_ORIGIN,TOTAL_POP_18_24_SOME_BACHELORS_HIGHER_ORIGIN,TOTAL_POP_25P_ORIGIN,TOTAL_POP_25P_LESS_THAN_9TH_ORIGIN,TOTAL_POP_25P_9TH_TO_12TH_ORIGIN,TOTAL_POP_25P_HIGH_SCHOOL_ORIGIN,TOTAL_POP_25P_SOME_COLLEGE_ORIGIN,TOTAL_POP_25P_ASSOCIATES_ORIGIN,TOTAL_POP_25P_BACHELORS_ORIGIN,TOTAL_POP_25P_GRADUATE_ORIGIN,TOTAL_POP_25P_HIGH_SCHOOL_HIGHER_ORIGIN,TOTAL_POP_25P_BACHELORS_HIGHER_ORIGIN,TOTAL_HHLDS_LESS_10K_ORIGIN,TOTAL_HHLDS_10K_15K_ORIGIN,TOTAL_HHLDS_15K_25K_ORIGIN,TOTAL_HHLDS_25K_35K_ORIGIN,TOTAL_HHLDS_35K_50K_ORIGIN,TOTAL_HHLDS_50K_75K_ORIGIN,TOTAL_HHLDS_75K_100K_ORIGIN,TOTAL_HHLDS_100K_150K_ORIGIN,TOTAL_HHLDS_150K_200K_ORIGIN,TOTAL_HHLDS_200KP_ORIGIN,HHLDS_MEDIAN_INCOME_ORIGIN,HHLDS_MEAN_INCOME_ORIGIN,TOTAL_POP_DESTINATION,TOTAL_MALE_DESTINATION,TOTAL_FEMALE_DESTINATION,AGE_5U_DESTINATION,AGE_5_9_DESTINATION,AGE_10_14_DESTINATION,AGE_15_19_DESTINATION,AGE_20_24_DESTINATION,AGE_25_34_DESTINATION,AGE_35_44_DESTINATION,AGE_45_54_DESTINATION,AGE_55_59_DESTINATION,AGE_60_64_DESTINATION,AGE_65_74_DESTINATION,AGE_75_84_DESTINATION,AGE_85P_DESTINATION,MEDIAN_AGE_DESTINATION,CENSUS_TRACT_DESTINATION,TOTAL_HHLDS_DESTINATION,AVG_HHLD_SIZE_DESTINATION,AVG_FAMILY_SIZE_DESTINATION,TOTAL_POP_18_24_DESTINATION,TOTAL_POP_18_24_NO_HIGH_SCHOOL_DESTINATION,TOTAL_POP_18_24_HIGH_SCHOOL_DESTINATION,TOTAL_POP_18_24_SOME_COLLEGE_DESTINATION,TOTAL_POP_18_24_SOME_BACHELORS_HIGHER_DESTINATION,TOTAL_POP_25P_DESTINATION,TOTAL_POP_25P_LESS_THAN_9TH_DESTINATION,TOTAL_POP_25P_9TH_TO_12TH_DESTINATION,TOTAL_POP_25P_HIGH_SCHOOL_DESTINATION,TOTAL_POP_25P_SOME_COLLEGE_DESTINATION,TOTAL_POP_25P_ASSOCIATES_DESTINATION,TOTAL_POP_25P_BACHELORS_DESTINATION,TOTAL_POP_25P_GRADUATE_DESTINATION,TOTAL_POP_25P_HIGH_SCHOOL_HIGHER_DESTINATION,TOTAL_POP_25P_BACHELORS_HIGHER_DESTINATION,TOTAL_HHLDS_LESS_10K_DESTINATION,TOTAL_HHLDS_10K_15K_DESTINATION,TOTAL_HHLDS_15K_25K_DESTINATION,TOTAL_HHLDS_25K_35K_DESTINATION,TOTAL_HHLDS_35K_50K_DESTINATION,TOTAL_HHLDS_50K_75K_DESTINATION,TOTAL_HHLDS_75K_100K_DESTINATION,TOTAL_HHLDS_100K_150K_DESTINATION,TOTAL_HHLDS_150K_200K_DESTINATION,TOTAL_HHLDS_200KP_DESTINATION,HHLDS_MEDIAN_INCOME_DESTINATION,HHLDS_MEAN_INCOME_DESTINATION,ORIGIN_CENSUS_TRACT,DESTINATION_CENSUS_TRACT,TOTAL_EMP_LEHD_OD,29U_EMP_LEHD_OD,30_54_EMP_LEHD_OD,55P_EMP_LEHD_OD,1250U_EMP_LEHD_OD,1251_3333_EMP_LEHD_OD,3333P_EMP_LEHD_OD,TOTAL_EMP_RAC_ORIGIN,29U_EMP_RAC_ORIGIN,30_54_EMP_RAC_ORIGIN,55P_EMP_RAC_ORIGIN,1250U_EMP_RAC_ORIGIN,1251_3333__RAC_ORIGIN,3333P_EMP_RAC_ORIGIN,FOOD_SERVICE_EMP_RAC_ORIGIN,TOTAL_EMP_RAC_DESTINATION,29U_EMP_RAC_DESTINATION,30_54_EMP_RAC_DESTINATION,55P_EMP_RAC_DESTINATION,1250U_EMP_RAC_DESTINATION,1251_3333_EMP_RAC_DESTINATION,3333P_EMP_RAC_DESTINATION,FOOD_SERVICE_EMP_RAC_DESTINATION,TOTAL_EMP_WAC_ORIGIN,29U_EMP_WAC_ORIGIN,30_54_EMP_WAC_ORIGIN,55P_EMP_WAC_ORIGIN,1250U_EMP_WAC_ORIGIN,1251_3333__WAC_ORIGIN,333P_EMP_WAC_ORIGIN,FOOD_SERVICE_EMP_WAC_ORIGIN,TOTAL_EMP_WAC_DESTINATION,29U_EMP_WAC_DESTINATION,30_54_EMP_WAC_DESTINATION,55P_EMP_WAC_DESTINATION,1250U_EMP_WAC_DESTINATION,1251_3333__WAC_DESTINATION,3333P_EMP_WAC_DESTINATION,FOOD_SERVICE_EMP_WAC_DESTINATION
0,17031010100,17031010100,1.545454545,14.68181818,357.0886364,1.089393939,4.126893939,0.606060606,2.35125,7.084204545,1.272727273,0.409090909,1.772727273,1,4522,2301,2221,384,253,240,51,431,845,761,552,543,210,192,18,42,35.3,2316,1.89,3,466,0,133,163,170,3163,26,314,533,729,78,916,567,2823,1483,20.5,4.8,13.1,10.4,8.5,12.3,10.4,13.8,3.8,2.5,37985,37985,4522,2301,2221,384,253,240,51,431,845,761,552,543,210,192,18,42,35.3,17031010100,2316,1.89,3,466,0,133,163,170,3163,26,314,533,729,78,916,567,2823,1483,20.5,4.8,13.1,10.4,8.5,12.3,10.4,13.8,3.8,2.5,37985,37985,10100,10100,25.13986026,2.011188821,14.07832175,9.050349695,8.044755284,14.07832175,3.016783232,20193.34136,4746.405618,10800.08397,4646.851771,5129.537088,7446.42661,7617.37766,1667.275533,20193.34136,4746.405618,10800.08397,4646.851771,5129.537088,7446.42661,7617.37766,1667.275533,9079.511933,1994.093716,4582.493729,2502.924488,2668.847566,3633.212605,2777.451762,713.9720315,9079.511933,1994.093716,4582.493729,2502.924488,2668.847566,3633.212605,2777.451762,713.9720315
1,17031010100,17031010201,1.482758621,15.31034483,285.9022989,1.06954023,3.735632184,0.068965517,2.387068966,6.191666667,0.896551724,0.655172414,1.862068966,1,4522,2301,2221,384,253,240,51,431,845,761,552,543,210,192,18,42,35.3,2316,1.89,3,466,0,133,163,170,3163,26,314,533,729,78,916,567,2823,1483,20.5,4.8,13.1,10.4,8.5,12.3,10.4,13.8,3.8,2.5,37985,37985,7039,3701,3338,480,507,479,430,259,1225,1390,956,395,454,220,208,36,36.3,17031010201,2688,2.55,3.49,395,147,94,104,50,4884,526,448,1202,894,309,947,558,3910,1505,17.6,2.5,12.6,15.1,6.7,22.4,8,12.3,1.2,1.6,39549,39549,10100,10201,15.08391616,2.011188821,9.050349695,4.022377642,4.022377642,8.044755284,3.016783232,20193.34136,4746.405618,10800.08397,4646.851771,5129.537088,7446.42661,7617.37766,1667.275533,3878.577641,994.532872,2135.882528,748.1622414,971.4042006,1411.854552,1495.318888,457.5454568,9079.511933,1994.093716,4582.493729,2502.924488,2668.847566,3633.212605,2777.451762,713.9720315,1205.707698,282.5720294,629.502101,293.6335679,506.8195829,519.8923103,178.9958051,33.18461555
2,17031010100,17031010202,1.384615385,16,230.3076923,0.576923077,2.884615385,0.076923077,2.153846154,5.115384615,0.461538462,0.692307692,1.307692308,1,4522,2301,2221,384,253,240,51,431,845,761,552,543,210,192,18,42,35.3,2316,1.89,3,466,0,133,163,170,3163,26,314,533,729,78,916,567,2823,1483,20.5,4.8,13.1,10.4,8.5,12.3,10.4,13.8,3.8,2.5,37985,37985,2852,1390,1462,245,122,123,174,178,526,289,295,290,228,266,83,33,35.7,17031010202,1102,2.3,3.54,305,111,117,51,26,2010,222,186,396,403,134,425,244,1602,669,12,2.5,18.2,13.6,15.2,17.9,8.1,8.8,2.5,1.1,38370,38370,10100,10202,6.033566463,2.011188821,3.016783232,1.005594411,0,6.033566463,0,20193.34136,4746.405618,10800.08397,4646.851771,5129.537088,7446.42661,7617.37766,1667.275533,5422.165062,1208.724481,2948.402812,1265.037768,1323.362244,1730.627981,2368.174837,435.4223798,9079.511933,1994.093716,4582.493729,2502.924488,2668.847566,3633.212605,2777.451762,713.9720315,5710.770657,1572.749658,2903.151063,1234.869936,1616.995812,2210.296514,1883.478331,348.9412605
3,17031010100,17031010300,1.5,14.33333333,206.625,0.7,3.333333333,0.25,2.125,5.708333333,0.916666667,0.333333333,1.416666667,1,4522,2301,2221,384,253,240,51,431,845,761,552,543,210,192,18,42,35.3,2316,1.89,3,466,0,133,163,170,3163,26,314,533,729,78,916,567,2823,1483,20.5,4.8,13.1,10.4,8.5,12.3,10.4,13.8,3.8,2.5,37985,37985,6650,3294,3356,351,342,150,267,315,1053,1190,954,407,374,719,291,237,41.6,17031010300,3037,1.87,2.84,448,184,32,78,154,5225,281,321,1371,975,217,1029,1031,4623,2060,10.9,6.8,7.9,18.7,14.7,13.1,14.2,5,3.3,5.3,38866,38866,10100,10300,7.039160874,0,2.011188821,5.027972053,0,6.033566463,1.005594411,20193.34136,4746.405618,10800.08397,4646.851771,5129.537088,7446.42661,7617.37766,1667.275533,18448.63506,4114.892328,9960.412636,4373.330091,4553.331491,6415.692339,7479.611226,1570.738469,9079.511933,1994.093716,4582.493729,2502.924488,2668.847566,3633.212605,2777.451762,713.9720315,6953.685349,1191.629376,3950.980439,1811.075533,1711.521687,2680.914699,2561.248964,203.1300709
4,17031010100,17031010400,1.588235294,10.76470588,365.4313725,1.462745098,4.950980392,0.490196078,1.647058824,7.088235294,0.529411765,0.588235294,1.294117647,1,4522,2301,2221,384,253,240,51,431,845,761,552,543,210,192,18,42,35.3,2316,1.89,3,466,0,133,163,170,3163,26,314,533,729,78,916,567,2823,1483,20.5,4.8,13.1,10.4,8.5,12.3,10.4,13.8,3.8,2.5,37985,37985,5153,2405,2748,84,232,148,1178,907,839,534,461,163,266,254,51,36,25.2,17031010400,1938,1.86,2.98,1981,0,488,1265,228,2604,50,36,294,367,152,1070,635,2518,1705,15.2,4.7,12.4,9.2,16.8,15.3,9.3,11.8,3.8,1.4,39152,39152,10100,10400,2.011188821,1.005594411,0,1.005594411,1.005594411,1.005594411,0,20193.34136,4746.405618,10800.08397,4646.851771,5129.537088,7446.42661,7617.37766,1667.275533,16317.7805,3894.667152,8445.987454,3977.125894,4023.383237,5395.014013,6899.383251,1415.87693,9079.511933,1994.093716,4582.493729,2502.924488,2668.847566,3633.212605,2777.451762,713.9720315,17294.21267,3218.907708,9510.911935,4564.393029,3526.619598,5732.893735,8034.69934,1123.248957
5,17031010100,17031010501,1.411764706,15.11764706,254.3431373,1.046078431,4.019607843,0.529411765,1.877941176,6.426960784,0.647058824,0.529411765,1.470588235,1,4522,2301,2221,384,253,240,51,431,845,761,552,543,210,192,18,42,35.3,2316,1.89,3,466,0,133,163,170,3163,26,314,533,729,78,916,567,2823,1483,20.5,4.8,13.1,10.4,8.5,12.3,10.4,13.8,3.8,2.5,37985,37985,4147,2042,2105,228,128,20,67,304,1203,748,595,185,186,227,175,81,37.7,17031010501,2425,1.7,2.79,318,40,16,95,167,3400,34,100,585,661,167,1058,795,3266,1853,12.2,8,19.8,10.8,15.7,13.9,9.3,3.5,4.3,2.5,34455,34455,10100,10501,5.027972053,0,3.016783232,2.011188821,1.005594411,4.022377642,0,20193.34136,4746.405618,10800.08397,4646.851771,5129.537088,7446.42661,7617.37766,1667.275533,2229.402808,622.4629401,1261.015391,345.9244772,477.657345,833.6377663,918.1076968,278.5496517,9079.511933,1994.093716,4582.493729,2502.924488,2668.847566,3633.212605,2777.451762,713.9720315,146.8167839,33.18461555,84.46993049,29.16223791,29.16223791,52.29090935,65.36363669,53.29650376
6,17031010100,17031010502,1.4,9.6,439.25,1.895,5.375,0.7,2.545,8.62,0.9,0.3,1.2,1,4522,2301,2221,384,253,240,51,431,845,761,552,543,210,192,18,42,35.3,2316,1.89,3,466,0,133,163,170,3163,26,314,533,729,78,916,567,2823,1483,20.5,4.8,13.1,10.4,8.5,12.3,10.4,13.8,3.8,2.5,37985,37985,2802,1475,1327,81,63,114,76,592,695,560,340,91,70,84,14,22,31.3,17031010502,1508,1.83,2.7,650,55,59,375,161,1876,7,99,193,442,94,644,397,1770,1041,9.7,8.6,15.2,13.3,21.3,15.4,4.8,6.8,4.6,0.5,37500,37500,10100,10502,3.016783232,1.005594411,0,2.011188821,1.005594411,2.011188821,0,20193.34136,4746.405618,10800.08397,4646.851771,5129.537088,7446.42661,7617.37766,1667.275533,1653.197211,461.5678344,963.3594453,228.2699312,371.0643375,577.2111917,704.9216818,210.1692318,9079.511933,1994.093716,4582.493729,2502.924488,2668.847566,3633.212605,2777.451762,713.9720315,195.0853156,99.55384664,65.36363669,30.16783232,95.531469,64.35804227,35.19580437,147.8223783
7,17031010100,17031010503,1.833333333,14.83333333,358.3333333,1.483333333,5,0.5,2.55,8.05,1.166666667,0,1.166666667,1,4522,2301,2221,384,253,240,51,431,845,761,552,543,210,192,18,42,35.3,2316,1.89,3,466,0,133,163,170,3163,26,314,533,729,78,916,567,2823,1483,20.5,4.8,13.1,10.4,8.5,12.3,10.4,13.8,3.8,2.5,37985,37985,1713,808,905,55,42,0,13,440,286,55,104,24,129,365,128,72,37.1,17031010503,968,1.76,2.54,453,0,50,389,14,1163,135,65,270,215,42,203,233,963,436,29.3,10.8,16,6,9.1,14,3,5,1.8,5,20357,20357,10100,10503,,,,,,,,20193.34136,4746.405618,10800.08397,4646.851771,5129.537088,7446.42661,7617.37766,1667.275533,773.3021017,233.2979032,403.2433586,136.7608398,167.9342666,257.4321691,347.935666,90.50349695,9079.511933,1994.093716,4582.493729,2502.924488,2668.847566,3633.212605,2777.451762,713.9720315,292.6279735,86.48111931,149.8335672,56.31328699,93.52028018,132.7384622,66.3692311,49.27412612
8,17031010100,17031010600,1.789473684,14.73684211,422.3596491,1.645614035,5.263157895,0.421052632,2.369298246,8.053508772,0.947368421,0.263157895,1.210526316,1,4522,2301,2221,384,253,240,51,431,845,761,552,543,210,192,18,42,35.3,2316,1.89,3,466,0,133,163,170,3163,26,314,533,729,78,916,567,2823,1483,20.5,4.8,13.1,10.4,8.5,12.3,10.4,13.8,3.8,2.5,37985,37985,6271,3199,3072,289,294,185,248,729,1608,938,840,436,212,339,95,58,33,17031010600,2875,2.12,3.03,904,123,147,463,171,4526,239,124,664,830,253,1435,981,4163,2416,13.3,9.9,9.8,5.4,14.3,16.9,5.5,12.1,6.3,6.5,47549,47549,10100,10600,5.027972053,1.005594411,2.011188821,2.011188821,0,5.027972053,0,20193.34136,4746.405618,10800.08397,4646.851771,5129.537088,7446.42661,7617.37766,1667.275533,11490.92733,2702.032181,6117.030799,2671.864349,2893.095119,4059.584635,4538.247575,1156.433572,9079.511933,1994.093716,4582.493729,2502.924488,2668.847566,3633.212605,2777.451762,713.9720315,4918.362262,1602.91749,2227.391619,1088.053152,1886.495114,1943.813996,1088.053152,555.0881146
9,17031010100,17031010701,1.666666667,10.22222222,422.8888889,1.366666667,5.416666667,0.333333333,2.261111111,8.011111111,0.888888889,0.222222222,1.222222222,1,4522,2301,2221,384,253,240,51,431,845,761,552,543,210,192,18,42,35.3,2316,1.89,3,466,0,133,163,170,3163,26,314,533,729,78,916,567,2823,1483,20.5,4.8,13.1,10.4,8.5,12.3,10.4,13.8,3.8,2.5,37985,37985,3766,1895,1871,314,371,115,75,228,759,602,558,154,246,186,146,12,36.1,17031010701,1459,2.58,3.35,228,54,19,112,43,2663,269,82,636,399,57,670,550,2312,1220,7.4,2.5,11.8,9.6,14,18.8,13.5,10.8,7,4.7,55529,55529,10100,10701,1.005594411,0,1.005594411,0,0,0,1.005594411,20193.34136,4746.405618,10800.08397,4646.851771,5129.537088,7446.42661,7617.37766,1667.275533,5411.103523,1329.395811,3014.772043,1066.93567,1287.160845,1817.1091,2306.833578,536.9874152,9079.511933,1994.093716,4582.493729,2502.924488,2668.847566,3633.212605,2777.451762,713.9720315,3187.734281,992.5216832,1505.374833,689.8377656,1176.54546,1264.032174,747.156647,588.2727302
10,17031010100,17031010702,1.590909091,16.18181818,354.5909091,1.240909091,4.857954545,0.295454545,2.416477273,7.569886364,1.045454545,0.181818182,1.454545455,1,4522,2301,2221,384,253,240,51,431,845,761,552,543,210,192,18,42,35.3,2316,1.89,3,466,0,133,163,170,3163,26,314,533,729,78,916,567,2823,1483,20.5,4.8,13.1,10.4,8.5,12.3,10.4,13.8,3.8,2.5,37985,37985,5096,2519,2577,241,470,465,360,419,1185,783,724,186,133,73,43,14,30.8,17031010702,2060,2.44,3.76,558,93,90,275,100,3141,521,213,446,391,147,853,570,2407,1423,7,8.3,11.7,10,23.2,14.6,14.1,7,2.3,1.8,41161,41161,10100,10702,8.044755284,0,8.044755284,0,0,6.033566463,2.011188821,20193.34136,4746.405618,10800.08397,4646.851771,5129.537088,7446.42661,7617.37766,1667.275533,6974.802832,1701.465743,3875.560858,1397.776231,1690.404204,2449.627984,2834.770643,714.9776259,9079.511933,1994.093716,4582.493729,2502.924488,2668.847566,3633.212605,2777.451762,713.9720315,7334.805631,1802.025184,3857.460159,1675.320288,2058.451758,2419.460152,2856.89372,909.0573471
11,17031010100,17031020100,1.545454545,16.09090909,303.8636364,1.195454545,4.659090909,0.363636364,1.502272727,6.525,0.363636364,0.727272727,1.636363636,1,4522,2301,2221,384,253,240,51,431,845,761,552,543,210,192,18,42,35.3,2316,1.89,3,466,0,133,163,170,3163,26,314,533,729,78,916,567,2823,1483,20.5,4.8,13.1,10.4,8.5,12.3,10.4,13.8,3.8,2.5,37985,37985,3836,1778,2058,278,159,177,372,189,506,541,571,266,286,276,215,0,38.2,17031020100,1556,2.43,3.68,345,77,90,164,14,2661,301,154,563,365,150,834,294,2206,1128,8.4,4.2,9.4,8.2,19.4,21.3,9.4,11.6,3.7,4.4,51346,51346,10100,20100,6.033566463,0,6.033566463,0,1.005594411,1.005594411,4.022377642,20193.34136,4746.405618,10800.08397,4646.851771,5129.537088,7446.42661,7617.37766,1667.275533,9282.642004,1926.718891,4932.440584,2423.482529,2362.14127,3288.293722,3632.207011,873.8615428,9079.511933,1994.093716,4582.493729,2502.924488,2668.847566,3633.212605,2777.451762,713.9720315,15250.84483,3272.204212,8429.897944,3548.742675,4441.710511,6292.004227,4517.130092,2051.412598
12,17031010100,17031020200,1.461538462,17.76923077,409.6692308,1.527692308,4.346153846,0.323076923,2.213461538,6.882692308,0.769230769,0.692307692,2.153846154,1,4522,2301,2221,384,253,240,51,431,845,761,552,543,210,192,18,42,35.3,2316,1.89,3,466,0,133,163,170,3163,26,314,533,729,78,916,567,2823,1483,20.5,4.8,13.1,10.4,8.5,12.3,10.4,13.8,3.8,2.5,37985,37985,6739,3371,3368,720,394,545,640,231,911,605,1222,199,400,547,188,137,32.7,17031020200,2135,3.1,3.4,362,39,184,119,20,4209,265,394,568,828,177,1064,913,3550,1977,8.9,0.5,10.1,10.1,1.4,22.1,9.2,18.2,12.3,7.3,66831,66831,10100,20200,10.05594411,2.011188821,6.033566463,2.011188821,1.005594411,6.033566463,3.016783232,20193.34136,4746.405618,10800.08397,4646.851771,5129.537088,7446.42661,7617.37766,1667.275533,6790.779054,1421.910497,3655.335682,1713.532876,1653.197211,2255.548263,2882.033581,573.188814,9079.511933,1994.093716,4582.493729,2502.924488,2668.847566,3633.212605,2777.451762,713.9720315,7658.607031,1452.078329,4634.784638,1571.744064,1359.563643,1599.900707,4699.14268,439.4447574
13,17031010100,17031020301,1.5,4.5,539,2.4,6.25,0,2.525,8.775,1,0,1,1,4522,2301,2221,384,253,240,51,431,845,761,552,543,210,192,18,42,35.3,2316,1.89,3,466,0,133,163,170,3163,26,314,533,729,78,916,567,2823,1483,20.5,4.8,13.1,10.4,8.5,12.3,10.4,13.8,3.8,2.5,37985,37985,5472,2882,2590,635,499,334,285,190,690,576,501,203,283,530,411,335,36.2,17031020301,2025,2.7,3.81,245,20,67,129,29,3529,128,228,583,422,160,1291,717,3173,2008,10.1,4.4,5.3,12.2,14,17.7,10.7,15.8,2.4,7.5,54496,54496,10100,20301,2.011188821,0,2.011188821,0,0,2.011188821,0,20193.34136,4746.405618,10800.08397,4646.851771,5129.537088,7446.42661,7617.37766,1667.275533,4218.468552,888.9454589,2310.855955,1018.667138,1022.689516,1338.44616,1857.332876,414.3048971,9079.511933,1994.093716,4582.493729,2502.924488,2668.847566,3633.212605,2777.451762,713.9720315,1678.337071,304.6951064,968.3874174,405.2545474,384.1370648,534.9762264,759.22378,125.6993013
14,17031010100,17031020302,1.25,22,580.75,1.925,5,0.5,2.55,8.05,0.5,0.5,2,1,4522,2301,2221,384,253,240,51,431,845,761,552,543,210,192,18,42,35.3,2316,1.89,3,466,0,133,163,170,3163,26,314,533,729,78,916,567,2823,1483,20.5,4.8,13.1,10.4,8.5,12.3,10.4,13.8,3.8,2.5,37985,37985,5348,2505,2843,446,372,334,271,372,565,996,598,204,338,488,191,173,39.1,17031020302,1736,2.86,3.6,436,15,134,179,108,3553,114,181,730,485,198,1130,715,3258,1845,5.8,5.2,7.3,5.8,7.9,21.8,7.5,20.4,7.4,10.8,72572,72572,10100,20302,2.011188821,0,2.011188821,0,0,2.011188821,0,20193.34136,4746.405618,10800.08397,4646.851771,5129.537088,7446.42661,7617.37766,1667.275533,4494.001421,1011.627977,2386.275536,1096.097907,1047.829376,1550.626581,1895.545464,476.6517506,9079.511933,1994.093716,4582.493729,2502.924488,2668.847566,3633.212605,2777.451762,713.9720315,2671.864349,693.8601433,1400.793014,577.2111917,780.3412626,1008.611194,882.9118925,273.5216797
15,17031010100,17031020400,1.727272727,16.09090909,439.1818182,1.740909091,5.227272727,0,2.55,7.777272727,1,0.090909091,1.090909091,1,4522,2301,2221,384,253,240,51,431,845,761,552,543,210,192,18,42,35.3,2316,1.89,3,466,0,133,163,170,3163,26,314,533,729,78,916,567,2823,1483,20.5,4.8,13.1,10.4,8.5,12.3,10.4,13.8,3.8,2.5,37985,37985,4236,2055,2181,265,282,311,217,202,607,521,641,166,292,457,171,104,38.8,17031020400,1669,2.53,3.24,237,0,93,110,34,2959,215,225,637,325,115,821,621,2519,1442,3,5.6,6.8,11.9,13.2,15.7,11.5,17.9,7.3,7.1,63977,63977,10100,20400,2.011188821,1.005594411,1.005594411,0,0,2.011188821,0,20193.34136,4746.405618,10800.08397,4646.851771,5129.537088,7446.42661,7617.37766,1667.275533,8572.69235,2043.367842,4637.801421,1891.523086,2176.106304,3402.931485,2993.65456,876.878326,9079.511933,1994.093716,4582.493729,2502.924488,2668.847566,3633.212605,2777.451762,713.9720315,4449.755267,926.1524521,2479.795816,1043.806998,857.7720322,1367.608398,2224.374836,379.1090928
16,17031010100,17031020500,1.5,19.9,718.8,2.72,5,0.1,2.04,7.14,0.2,0.8,1.9,1,4522,2301,2221,384,253,240,51,431,845,761,552,543,210,192,18,42,35.3,2316,1.89,3,466,0,133,163,170,3163,26,314,533,729,78,916,567,2823,1483,20.5,4.8,13.1,10.4,8.5,12.3,10.4,13.8,3.8,2.5,37985,37985,6584,3262,3322,567,425,414,285,336,1570,808,759,282,284,314,410,130,32.6,17031020500,2135,2.97,3.43,446,61,149,116,120,4557,754,538,984,568,159,1021,533,3265,1554,9.2,2.9,18.1,9.8,18.6,20.6,8.4,6.6,5,0.8,41432,41432,10100,20500,2.011188821,0,1.005594411,1.005594411,0,2.011188821,0,20193.34136,4746.405618,10800.08397,4646.851771,5129.537088,7446.42661,7617.37766,1667.275533,7381.062973,1837.220988,3964.053166,1579.788819,2106.72029,2632.646167,2641.696516,796.4307732,9079.511933,1994.093716,4582.493729,2502.924488,2668.847566,3633.212605,2777.451762,713.9720315,2292.755256,486.7076947,1168.500705,637.5468563,749.1678359,915.0909136,628.4965066,277.5440573
17,17031010100,17031020601,2,1,822,3.1,7.5,0,2.55,10.05,1,0,1,1,4522,2301,2221,384,253,240,51,431,845,761,552,543,210,192,18,42,35.3,2316,1.89,3,466,0,133,163,170,3163,26,314,533,729,78,916,567,2823,1483,20.5,4.8,13.1,10.4,8.5,12.3,10.4,13.8,3.8,2.5,37985,37985,6131,2822,3309,493,466,316,651,343,418,1093,612,335,501,623,224,56,39.2,17031020601,1979,3.08,3.7,637,245,124,201,67,3862,444,189,921,602,97,942,667,3229,1609,13,0,8.7,15.6,21.4,15.1,6.2,7.6,6.5,5.9,41308,41308,10100,20601,5.027972053,4.022377642,0,1.005594411,3.016783232,2.011188821,0,20193.34136,4746.405618,10800.08397,4646.851771,5129.537088,7446.42661,7617.37766,1667.275533,2546.165047,597.3230799,1365.59721,583.2447581,685.815388,919.1132912,941.2363683,261.4545467,9079.511933,1994.093716,4582.493729,2502.924488,2668.847566,3633.212605,2777.451762,713.9720315,391.1762257,48.26853171,189.0517492,153.8559448,109.6097907,169.9454554,111.6209796,14.07832175
18,17031010100,17031020602,1,20.5,888,3.25,5,0,1.275,6.275,0,1,2.5,1,4522,2301,2221,384,253,240,51,431,845,761,552,543,210,192,18,42,35.3,2316,1.89,3,466,0,133,163,170,3163,26,314,533,729,78,916,567,2823,1483,20.5,4.8,13.1,10.4,8.5,12.3,10.4,13.8,3.8,2.5,37985,37985,4734,2479,2255,557,384,342,199,261,883,514,443,211,282,501,123,34,30.9,17031020602,1421,3.32,3.88,344,37,90,190,27,2991,173,252,595,510,135,797,529,2566,1326,9.9,5.1,10.9,4,14.3,25.8,7.8,12.9,6.1,3.2,53234,53234,10100,20602,4.022377642,0,4.022377642,0,3.016783232,1.005594411,0,20193.34136,4746.405618,10800.08397,4646.851771,5129.537088,7446.42661,7617.37766,1667.275533,1692.415393,382.125876,954.3090956,355.9804213,400.2265754,576.2055972,715.9832203,182.0125883,9079.511933,1994.093716,4582.493729,2502.924488,2668.847566,3633.212605,2777.451762,713.9720315,1607.945462,322.7958058,1112.187418,172.9622386,197.0965045,295.6447567,1115.204201,56.31328699
19,17031010100,17031020702,1.25,25.75,971.5,4.075,8.125,0.25,0.6375,9.0125,0.25,0.75,1.5,1,4522,2301,2221,384,253,240,51,431,845,761,552,543,210,192,18,42,35.3,2316,1.89,3,466,0,133,163,170,3163,26,314,533,729,78,916,567,2823,1483,20.5,4.8,13.1,10.4,8.5,12.3,10.4,13.8,3.8,2.5,37985,37985,7674,3943,3731,655,835,478,375,438,1272,1037,650,615,367,707,168,77,31.8,17031020702,2343,3.19,3.77,653,151,252,186,64,4893,550,417,1310,755,377,1097,387,3926,1484,4,3.3,16.4,14.7,13.5,23.9,11.4,9.9,1.5,1.5,47063,47063,10100,20702,4.022377642,0,2.011188821,2.011188821,0,2.011188821,2.011188821,20193.34136,4746.405618,10800.08397,4646.851771,5129.537088,7446.42661,7617.37766,1667.275533,2758.345468,647.6028004,1575.766441,534.9762264,708.9440594,1092.07553,957.3258788,332.8517499,9079.511933,1994.093716,4582.493729,2502.924488,2668.847566,3633.212605,2777.451762,713.9720315,742.128675,187.0405604,375.0867151,180.0013995,260.4489523,334.8629387,146.8167839,173.967833
20,17031010100,17031020801,1.8,17.4,1396.2,5.5,7.5,0,2.04,9.54,0.4,0.6,2,1,4522,2301,2221,384,253,240,51,431,845,761,552,543,210,192,18,42,35.3,2316,1.89,3,466,0,133,163,170,3163,26,314,533,729,78,916,567,2823,1483,20.5,4.8,13.1,10.4,8.5,12.3,10.4,13.8,3.8,2.5,37985,37985,6112,3168,2944,250,286,459,352,459,866,868,934,506,318,446,252,116,38.7,17031020801,2162,2.82,3.45,653,97,111,392,53,4306,790,398,824,627,412,716,539,3118,1255,4.5,0.5,12.9,12.2,17.9,14.9,11.8,15.7,5.5,4.2,51467,51467,10100,20801,1.005594411,0,1.005594411,0,0,1.005594411,0,20193.34136,4746.405618,10800.08397,4646.851771,5129.537088,7446.42661,7617.37766,1667.275533,2212.307703,478.6629394,1255.987419,477.657345,510.8419606,728.0503532,973.4153894,218.2139871,9079.511933,1994.093716,4582.493729,2502.924488,2668.847566,3633.212605,2777.451762,713.9720315,855.7608434,194.0797212,448.4951071,213.186015,174.9734274,376.0923095,304.6951064,67.37482551
21,17031010100,17031020802,1.4,14.8,808.4,3.08,6,2,2.54,10.54,0.4,0.6,1.8,1,4522,2301,2221,384,253,240,51,431,845,761,552,543,210,192,18,42,35.3,2316,1.89,3,466,0,133,163,170,3163,26,314,533,729,78,916,567,2823,1483,20.5,4.8,13.1,10.4,8.5,12.3,10.4,13.8,3.8,2.5,37985,37985,7952,4094,3858,460,530,561,421,757,1438,1199,909,778,389,248,227,35,34.4,17031020802,2323,3.41,4.04,862,28,102,508,224,5223,632,282,1515,851,342,1088,513,4309,1601,5.4,6.8,12.9,12.4,16.1,10.2,14.3,13.9,4.9,3.1,48067,48067,10100,20802,1.005594411,0,1.005594411,0,1.005594411,0,0,20193.34136,4746.405618,10800.08397,4646.851771,5129.537088,7446.42661,7617.37766,1667.275533,2679.909104,654.6419613,1555.654553,469.6125897,637.5468563,1072.969236,969.3930118,317.7678337,9079.511933,1994.093716,4582.493729,2502.924488,2668.847566,3633.212605,2777.451762,713.9720315,1600.906302,278.5496517,876.878326,445.4783239,846.7104937,608.3846184,145.8111895,167.9342666
22,17031010100,17031020901,1.333333333,15.5,864.8333333,3.216666667,6.666666667,0,1.7,8.366666667,0.333333333,0.666666667,1.666666667,1,4522,2301,2221,384,253,240,51,431,845,761,552,543,210,192,18,42,35.3,2316,1.89,3,466,0,133,163,170,3163,26,314,533,729,78,916,567,2823,1483,20.5,4.8,13.1,10.4,8.5,12.3,10.4,13.8,3.8,2.5,37985,37985,5966,2970,2996,512,387,447,391,439,1240,762,791,276,328,320,48,25,31.3,17031020901,1871,3.18,3.81,607,96,110,336,65,3790,350,303,881,599,225,892,540,3137,1432,5.8,4.1,13,13.1,14.1,22.2,11,12.3,3.3,1.2,49901,49901,10100,20901,1.005594411,0,1.005594411,0,0,0,1.005594411,20193.34136,4746.405618,10800.08397,4646.851771,5129.537088,7446.42661,7617.37766,1667.275533,2273.648962,589.2783246,1264.032174,420.3384636,557.0993034,924.1412633,792.4083955,287.6000014,9079.511933,1994.093716,4582.493729,2502.924488,2668.847566,3633.212605,2777.451762,713.9720315,323.8014002,71.39720315,190.0573436,62.34685345,146.8167839,122.6825181,54.30209817,16.08951057
23,17031010100,17031020902,2,7,1309,3.4,7.5,0,2.55,10.05,0,1,2,1,4522,2301,2221,384,253,240,51,431,845,761,552,543,210,192,18,42,35.3,2316,1.89,3,466,0,133,163,170,3163,26,314,533,729,78,916,567,2823,1483,20.5,4.8,13.1,10.4,8.5,12.3,10.4,13.8,3.8,2.5,37985,37985,4680,2201,2479,283,266,185,237,262,927,538,560,497,295,310,202,118,37.7,17031020902,1616,2.57,3.46,347,46,98,159,44,3447,536,242,1038,482,281,593,275,2669,868,9.6,7.2,14.4,12.6,21.9,14.4,7.9,7.1,4.1,0.8,37405,37405,10100,20902,4.022377642,0,0,4.022377642,0,4.022377642,0,20193.34136,4746.405618,10800.08397,4646.851771,5129.537088,7446.42661,7617.37766,1667.275533,1820.125883,374.0811207,975.4265782,470.6181841,483.6909115,737.1007029,599.3342687,223.2419591,9079.511933,1994.093716,4582.493729,2502.924488,2668.847566,3633.212605,2777.451762,713.9720315,1484.25735,440.4503518,787.3804235,256.4265747,390.1706313,853.7496546,240.3370641,38.2125876
24,17031010100,17031030101,1.142857143,11.42857143,557.2857143,2.685714286,6.25,0.285714286,2.542857143,9.078571429,0.857142857,0.285714286,1.285714286,1,4522,2301,2221,384,253,240,51,431,845,761,552,543,210,192,18,42,35.3,2316,1.89,3,466,0,133,163,170,3163,26,314,533,729,78,916,567,2823,1483,20.5,4.8,13.1,10.4,8.5,12.3,10.4,13.8,3.8,2.5,37985,37985,3768,1880,1888,267,256,27,84,100,876,649,478,223,246,314,204,44,38.3,17031030101,1947,1.93,2.85,102,0,32,24,46,3034,117,97,730,422,171,935,562,2820,1497,7.4,5.8,13.3,10.5,15,22.3,9.2,9.3,2.3,4.9,48927,48927,10100,30101,,,,,,,,20193.34136,4746.405618,10800.08397,4646.851771,5129.537088,7446.42661,7617.37766,1667.275533,2056.44057,513.8587438,1140.344062,402.2377642,408.2713307,681.7930103,966.3762285,221.2307703,9079.511933,1994.093716,4582.493729,2502.924488,2668.847566,3633.212605,2777.451762,713.9720315,388.1594425,119.6657349,186.034966,82.45874166,99.55384664,186.034966,102.5706299,45.25174847
25,17031010100,17031030102,2,10,616.5,2.65,6.25,3.5,1.275,11.025,0.5,0.5,1,1,4522,2301,2221,384,253,240,51,431,845,761,552,543,210,192,18,42,35.3,2316,1.89,3,466,0,133,163,170,3163,26,314,533,729,78,916,567,2823,1483,20.5,4.8,13.1,10.4,8.5,12.3,10.4,13.8,3.8,2.5,37985,37985,2703,1438,1265,65,24,13,14,233,834,395,346,162,257,230,72,58,38.1,17031030102,1768,1.49,2.35,240,0,13,166,61,2354,25,37,249,471,215,932,425,2292,1357,9.7,6.6,16.1,4.8,18.4,19.5,9.3,8.7,3.2,3.9,45086,45086,10100,30102,,,,,,,,20193.34136,4746.405618,10800.08397,4646.851771,5129.537088,7446.42661,7617.37766,1667.275533,1744.706302,411.2881139,972.409795,361.0083934,338.8853164,546.0377649,859.783221,222.2363647,9079.511933,1994.093716,4582.493729,2502.924488,2668.847566,3633.212605,2777.451762,713.9720315,483.6909115,115.6433572,260.4489523,107.5986019,104.5818187,200.1132877,178.9958051,129.721679
26,17031010100,17031030103,1.5,17,468.5,2.075,6.25,0.5,2.55,9.3,1,0,1,1,4522,2301,2221,384,253,240,51,431,845,761,552,543,210,192,18,42,35.3,2316,1.89,3,466,0,133,163,170,3163,26,314,533,729,78,916,567,2823,1483,20.5,4.8,13.1,10.4,8.5,12.3,10.4,13.8,3.8,2.5,37985,37985,2252,1071,1181,91,0,34,381,503,446,235,216,127,70,115,26,8,27.6,17031030103,916,1.65,2.75,866,0,139,660,67,1243,9,33,69,223,54,483,372,1201,855,11.2,3.8,9.8,9.7,16.9,19,7.3,11.8,6.3,4,49103,49103,10100,30103,,,,,,,,20193.34136,4746.405618,10800.08397,4646.851771,5129.537088,7446.42661,7617.37766,1667.275533,1128.276929,273.5216797,641.5692339,213.186015,225.253148,385.1426592,517.8811214,147.8223783,9079.511933,1994.093716,4582.493729,2502.924488,2668.847566,3633.212605,2777.451762,713.9720315,364.0251766,117.654546,170.9510498,75.41958079,120.6713293,101.5650355,141.7888119,53.29650376
27,17031010100,17031030104,1,21,723,2.7,2.5,0,2.55,5.05,0,1,3,1,4522,2301,2221,384,253,240,51,431,845,761,552,543,210,192,18,42,35.3,2316,1.89,3,466,0,133,163,170,3163,26,314,533,729,78,916,567,2823,1483,20.5,4.8,13.1,10.4,8.5,12.3,10.4,13.8,3.8,2.5,37985,37985,3569,1386,2183,22,0,27,1121,774,565,147,287,136,110,256,64,60,22.6,17031030104,1072,1.85,2.88,1829,0,429,1243,157,1625,70,86,230,279,78,503,379,1469,882,14.2,7.2,13.1,11.6,13,13.3,13.5,3.7,10,0.5,37586,37586,10100,30104,,,,,,,,20193.34136,4746.405618,10800.08397,4646.851771,5129.537088,7446.42661,7617.37766,1667.275533,1188.612593,297.6559455,630.5076954,260.4489523,241.3426585,384.1370648,563.1328699,147.8223783,9079.511933,1994.093716,4582.493729,2502.924488,2668.847566,3633.212605,2777.451762,713.9720315,98.54825223,26.14545467,46.25734289,26.14545467,43.24055965,27.15104908,28.1566435,33.18461555
28,17031010100,17031030200,1.545454545,16.18181818,584.6363636,2.227272727,6.477272727,0.590909091,2.086363636,9.154545455,0.818181818,0.363636364,1.636363636,1,4522,2301,2221,384,253,240,51,431,845,761,552,543,210,192,18,42,35.3,2316,1.89,3,466,0,133,163,170,3163,26,314,533,729,78,916,567,2823,1483,20.5,4.8,13.1,10.4,8.5,12.3,10.4,13.8,3.8,2.5,37985,37985,5444,2763,2681,198,207,156,255,514,917,767,842,357,570,421,108,132,41.4,17031030200,2505,2.15,2.95,615,39,58,326,192,4114,130,190,395,673,227,1184,1315,3794,2499,6.9,2.6,9.2,5.6,15.8,16,10.8,17.4,7,8.8,65810,65810,10100,30200,1.005594411,0,1.005594411,0,0,1.005594411,0,20193.34136,4746.405618,10800.08397,4646.851771,5129.537088,7446.42661,7617.37766,1667.275533,6709.325907,1511.408399,3829.303515,1368.613993,1548.615392,2009.177632,3151.532883,638.5524507,9079.511933,1994.093716,4582.493729,2502.924488,2668.847566,3633.212605,2777.451762,713.9720315,3648.296521,804.4755284,1954.875534,888.9454589,1141.349656,1140.344062,1366.602804,378.1034984
29,17031010100,17031030300,1.333333333,7.333333333,525.3333333,2.433333333,5,0.833333333,2.55,8.383333333,1.333333333,0,1.333333333,1,4522,2301,2221,384,253,240,51,431,845,761,552,543,210,192,18,42,35.3,2316,1.89,3,466,0,133,163,170,3163,26,314,533,729,78,916,567,2823,1483,20.5,4.8,13.1,10.4,8.5,12.3,10.4,13.8,3.8,2.5,37985,37985,3464,1827,1637,213,176,242,151,149,672,625,372,225,179,275,142,43,36.1,17031030300,1482,2.34,3.27,183,17,89,31,46,2533,260,117,742,383,122,649,260,2156,909,12.7,9.3,11.2,12.1,18.1,7.2,11.3,7.2,5.2,5.8,38427,38427,10100,30300,,,,,,,,20193.34136,4746.405618,10800.08397,4646.851771,5129.537088,7446.42661,7617.37766,1667.275533,7057.261573,1548.615392,3711.648969,1796.997212,1861.355254,2318.900711,2877.005609,612.406996,9079.511933,1994.093716,4582.493729,2502.924488,2668.847566,3633.212605,2777.451762,713.9720315,5451.3273,1223.808398,2811.641972,1415.87693,1597.889518,2114.765045,1738.672736,458.5510512
30,17031010100,17031030400,2,6.333333333,807.1111111,3.055555556,7.5,0.666666667,1.416666667,9.583333333,1,0.666666667,2.333333333,1,4522,2301,2221,384,253,240,51,431,845,761,552,543,210,192,18,42,35.3,2316,1.89,3,466,0,133,163,170,3163,26,314,533,729,78,916,567,2823,1483,20.5,4.8,13.1,10.4,8.5,12.3,10.4,13.8,3.8,2.5,37985,37985,2582,1266,1316,145,91,83,69,95,633,398,384,170,133,211,131,39,40.4,17031030400,1307,1.98,2.96,133,7,38,51,37,2099,84,152,189,327,107,762,478,1863,1240,9.6,5,11.8,11.3,11.3,14.2,14.9,7.8,7,7,50781,50781,10100,30400,,,,,,,,20193.34136,4746.405618,10800.08397,4646.851771,5129.537088,7446.42661,7617.37766,1667.275533,6184.405625,1373.641965,3479.35666,1331.407,1496.324483,1938.786024,2749.295118,524.9202823,9079.511933,1994.093716,4582.493729,2502.924488,2668.847566,3633.212605,2777.451762,713.9720315,3238.014002,768.2741297,1563.699308,906.0405639,1194.64616,1088.053152,955.31469,327.8237778
31,17031010100,17031030500,1.4,14,659.6,3.12,7,0.2,2.04,9.24,0.6,0.4,1.2,1,4522,2301,2221,384,253,240,51,431,845,761,552,543,210,192,18,42,35.3,2316,1.89,3,466,0,133,163,170,3163,26,314,533,729,78,916,567,2823,1483,20.5,4.8,13.1,10.4,8.5,12.3,10.4,13.8,3.8,2.5,37985,37985,6428,3398,3030,180,232,105,56,313,1868,1314,1048,338,266,539,91,78,38.6,17031030500,2918,2.16,2.96,336,93,26,56,161,5542,361,336,801,554,314,1669,1507,4845,3176,1.3,3.5,3.9,2.8,12.6,20.1,15,20,9.9,10.8,79414,79414,10100,30500,4.022377642,0,4.022377642,0,0,4.022377642,0,20193.34136,4746.405618,10800.08397,4646.851771,5129.537088,7446.42661,7617.37766,1667.275533,5645.407021,1192.634971,3295.332883,1157.439167,1175.539866,1660.236372,2809.630783,599.3342687,9079.511933,1994.093716,4582.493729,2502.924488,2668.847566,3633.212605,2777.451762,713.9720315,1684.370638,381.1202816,848.7216825,454.5286736,416.316086,701.9048986,566.1496531,172.9622386
32,17031010100,17031030601,1,20.5,1077.5,4.35,6.25,1,2.55,9.8,0.5,0.5,2,1,4522,2301,2221,384,253,240,51,431,845,761,552,543,210,192,18,42,35.3,2316,1.89,3,466,0,133,163,170,3163,26,314,533,729,78,916,567,2823,1483,20.5,4.8,13.1,10.4,8.5,12.3,10.4,13.8,3.8,2.5,37985,37985,3956,2130,1826,167,170,154,97,202,970,411,621,244,197,399,184,140,40.1,17031030601,1976,1.9,2.73,251,19,64,118,50,3166,286,301,624,378,97,818,662,2579,1480,8.2,4.6,14.5,15.4,14,15.4,10.3,10.6,5.1,1.8,41675,41675,10100,30601,1.005594411,0,1.005594411,0,1.005594411,0,0,20193.34136,4746.405618,10800.08397,4646.851771,5129.537088,7446.42661,7617.37766,1667.275533,4859.032192,1227.830775,2562.254558,1068.946858,1286.155251,1501.352455,2071.524486,496.7636388,9079.511933,1994.093716,4582.493729,2502.924488,2668.847566,3633.212605,2777.451762,713.9720315,2654.769244,674.7538495,1291.183223,688.8321712,941.2363683,799.4475564,914.0853192,221.2307703
33,17031010100,17031030603,1.5,7,570.5,2.95,7.5,0,2.525,10.025,1,0,1,1,4522,2301,2221,384,253,240,51,431,845,761,552,543,210,192,18,42,35.3,2316,1.89,3,466,0,133,163,170,3163,26,314,533,729,78,916,567,2823,1483,20.5,4.8,13.1,10.4,8.5,12.3,10.4,13.8,3.8,2.5,37985,37985,2258,1118,1140,89,84,92,40,87,735,445,307,58,143,147,0,31,35,17031030603,1415,1.6,2.6,107,0,47,8,52,1866,16,75,495,254,122,475,429,1775,904,15.6,11.3,10.1,14,14,14.4,5,7.2,4,4.4,34415,34415,10100,30603,,,,,,,,20193.34136,4746.405618,10800.08397,4646.851771,5129.537088,7446.42661,7617.37766,1667.275533,1308.278328,401.2321698,687.8265768,219.2195815,287.6000014,529.9482544,490.7300723,189.0517492,9079.511933,1994.093716,4582.493729,2502.924488,2668.847566,3633.212605,2777.451762,713.9720315,191.062938,54.30209817,107.5986019,29.16223791,60.33566463,106.5930075,24.13426585,83.46433608
34,17031010100,17031030604,1.333333333,13.33333333,592.6666667,2.9,7.5,0.666666667,2.533333333,10.7,1,0,1,1,4522,2301,2221,384,253,240,51,431,845,761,552,543,210,192,18,42,35.3,2316,1.89,3,466,0,133,163,170,3163,26,314,533,729,78,916,567,2823,1483,20.5,4.8,13.1,10.4,8.5,12.3,10.4,13.8,3.8,2.5,37985,37985,3344,1864,1480,246,23,33,45,112,914,511,386,159,225,487,150,53,40.8,17031030604,2129,1.57,2.66,126,0,0,56,70,2885,59,88,297,757,91,961,632,2738,1593,14,9.5,15.1,11.4,7.5,19.9,5.9,8.1,5.4,3.3,35096,35096,10100,30604,,,,,,,,20193.34136,4746.405618,10800.08397,4646.851771,5129.537088,7446.42661,7617.37766,1667.275533,1718.560848,388.1594425,963.3594453,367.0419598,345.9244772,525.9258767,846.7104937,182.0125883,9079.511933,1994.093716,4582.493729,2502.924488,2668.847566,3633.212605,2777.451762,713.9720315,104.5818187,19.1062938,52.29090935,33.18461555,21.11748262,29.16223791,54.30209817,0
35,17031010100,17031030701,1.666666667,13.66666667,781.3333333,3.133333333,7.5,3,2.533333333,13.03333333,1,0,1,1,4522,2301,2221,384,253,240,51,431,845,761,552,543,210,192,18,42,35.3,2316,1.89,3,466,0,133,163,170,3163,26,314,533,729,78,916,567,2823,1483,20.5,4.8,13.1,10.4,8.5,12.3,10.4,13.8,3.8,2.5,37985,37985,1712,937,775,82,31,41,29,105,423,394,165,152,62,131,42,55,36,17031030701,901,1.7,2.95,126,0,36,59,31,1424,116,71,222,274,68,439,234,1237,673,9.3,3.7,18.8,12.1,11.4,17,12.7,12.1,3,0,41042,41042,10100,30701,,,,,,,,20193.34136,4746.405618,10800.08397,4646.851771,5129.537088,7446.42661,7617.37766,1667.275533,881.906298,248.3818194,493.7468556,139.7776231,180.0013995,289.6111902,412.2937083,133.7440566,9079.511933,1994.093716,4582.493729,2502.924488,2668.847566,3633.212605,2777.451762,713.9720315,475.6461562,111.6209796,260.4489523,103.5762243,135.7552454,211.1748262,128.7160845,182.0125883
36,17031010100,17031030703,1.75,9.75,960,3.725,9.375,0.25,2.55,12.175,1,0,1,1,4522,2301,2221,384,253,240,51,431,845,761,552,543,210,192,18,42,35.3,2316,1.89,3,466,0,133,163,170,3163,26,314,533,729,78,916,567,2823,1483,20.5,4.8,13.1,10.4,8.5,12.3,10.4,13.8,3.8,2.5,37985,37985,2909,1444,1465,38,42,55,95,370,642,384,435,175,161,202,211,99,40.5,17031030703,1763,1.65,2.41,392,42,42,121,187,2309,124,211,154,406,210,701,503,1974,1204,18.8,7.9,11.8,8.8,9.2,14.8,8.1,11.5,4.3,4.8,40195,40195,10100,30703,2.011188821,0,0,2.011188821,0,2.011188821,0,20193.34136,4746.405618,10800.08397,4646.851771,5129.537088,7446.42661,7617.37766,1667.275533,1565.710497,407.2657363,940.2307739,218.2139871,297.6559455,390.1706313,877.8839204,189.0517492,9079.511933,1994.093716,4582.493729,2502.924488,2668.847566,3633.212605,2777.451762,713.9720315,579.2223805,168.939861,275.5328685,134.749651,237.3202809,223.2419591,118.6601404,74.41398638
37,17031010100,17031030706,2,6,734.3333333,3.233333333,7.5,0.666666667,2.55,10.71666667,1,0,1,1,4522,2301,2221,384,253,240,51,431,845,761,552,543,210,192,18,42,35.3,2316,1.89,3,466,0,133,163,170,3163,26,314,533,729,78,916,567,2823,1483,20.5,4.8,13.1,10.4,8.5,12.3,10.4,13.8,3.8,2.5,37985,37985,2928,1519,1409,142,57,40,0,40,532,513,389,216,104,286,401,208,48.9,17031030706,2008,1.46,2.55,40,0,0,0,40,2649,193,102,516,343,29,932,534,2354,1466,8.4,1.9,16.2,16.7,10.3,22.6,7.5,5.6,6,4.7,39308,39308,10100,30706,2.011188821,0,0,2.011188821,2.011188821,0,0,20193.34136,4746.405618,10800.08397,4646.851771,5129.537088,7446.42661,7617.37766,1667.275533,1757.77903,382.125876,999.5608441,376.0923095,315.7566449,513.8587438,928.1636409,190.0573436,9079.511933,1994.093716,4582.493729,2502.924488,2668.847566,3633.212605,2777.451762,713.9720315,622.4629401,213.186015,272.5160853,136.7608398,240.3370641,248.3818194,133.7440566,10.05594411
38,17031010100,17031030900,1.833333333,11.16666667,846.1666667,3.466666667,7.916666667,2.333333333,2.541666667,12.79166667,1,0,1,1,4522,2301,2221,384,253,240,51,431,845,761,552,543,210,192,18,42,35.3,2316,1.89,3,466,0,133,163,170,3163,26,314,533,729,78,916,567,2823,1483,20.5,4.8,13.1,10.4,8.5,12.3,10.4,13.8,3.8,2.5,37985,37985,3061,1476,1585,114,88,73,96,146,776,520,435,302,156,247,52,56,39.6,17031030900,1395,2.19,3.12,197,12,57,92,36,2544,73,143,233,404,111,932,648,2328,1580,1.2,6.6,4.5,5,8.5,14.1,12.1,21.6,11.9,14.4,95958,95958,10100,30900,,,,,,,,20193.34136,4746.405618,10800.08397,4646.851771,5129.537088,7446.42661,7617.37766,1667.275533,3044.939875,630.5076954,1792.974834,621.4573457,724.0279756,972.409795,1348.502105,297.6559455,9079.511933,1994.093716,4582.493729,2502.924488,2668.847566,3633.212605,2777.451762,713.9720315,2057.446164,532.9650376,981.4601447,543.0209817,766.2629408,754.1958079,536.9874152,423.3552468
39,17031010100,17031031000,1.625,14.375,1054.625,4.2875,9.0625,1.125,1.9125,12.1,0.625,0.375,1.75,1,4522,2301,2221,384,253,240,51,431,845,761,552,543,210,192,18,42,35.3,2316,1.89,3,466,0,133,163,170,3163,26,314,533,729,78,916,567,2823,1483,20.5,4.8,13.1,10.4,8.5,12.3,10.4,13.8,3.8,2.5,37985,37985,4089,2020,2069,208,148,100,82,305,1100,787,665,222,85,152,176,59,36.3,17031031000,2005,2.03,2.74,339,46,31,140,122,3246,103,80,391,371,160,1185,956,3063,2141,1.1,1.1,9.7,9.2,10.9,13.3,16.1,20,6.6,12.1,81291,81291,10100,31000,,,,,,,,20193.34136,4746.405618,10800.08397,4646.851771,5129.537088,7446.42661,7617.37766,1667.275533,3805.169249,901.0125918,2170.072738,734.0839197,852.7440601,1095.092313,1857.332876,371.0643375,9079.511933,1994.093716,4582.493729,2502.924488,2668.847566,3633.212605,2777.451762,713.9720315,3014.772043,723.0223812,1482.246161,809.5035005,930.1748298,1081.013991,1003.583222,373.0755263
40,17031010100,17031031100,1.4,10.6,1047.25,4.22,7.375,1.25,2.55,11.175,0.7,0.4,1.8,1,4522,2301,2221,384,253,240,51,431,845,761,552,543,210,192,18,42,35.3,2316,1.89,3,466,0,133,163,170,3163,26,314,533,729,78,916,567,2823,1483,20.5,4.8,13.1,10.4,8.5,12.3,10.4,13.8,3.8,2.5,37985,37985,5059,2561,2498,226,95,194,0,564,1393,1032,577,220,76,289,268,125,35.4,17031031100,2313,2.15,3.37,564,0,126,105,333,3980,370,42,481,543,114,1701,729,3568,2430,7.9,2.9,8.1,6.4,10.6,16.2,12.3,22.6,6.9,6.2,68304,68304,10100,31100,,,,,,,,20193.34136,4746.405618,10800.08397,4646.851771,5129.537088,7446.42661,7617.37766,1667.275533,3863.493725,973.4153894,2237.447563,652.6307724,828.6097943,1153.416789,1881.467142,390.1706313,9079.511933,1994.093716,4582.493729,2502.924488,2668.847566,3633.212605,2777.451762,713.9720315,1944.81959,358.9972046,1060.902103,524.9202823,650.6195836,801.4587452,492.7412612,240.3370641
41,17031010100,17031031200,1.625,10,914.0625,3.85,7.96875,0.125,1.90625,10,0.5,0.625,2.125,1,4522,2301,2221,384,253,240,51,431,845,761,552,543,210,192,18,42,35.3,2316,1.89,3,466,0,133,163,170,3163,26,314,533,729,78,916,567,2823,1483,20.5,4.8,13.1,10.4,8.5,12.3,10.4,13.8,3.8,2.5,37985,37985,5937,3291,2646,373,257,407,176,285,1497,709,924,374,432,429,44,30,34.6,17031031200,2736,2.06,3.04,285,0,14,165,106,4439,394,618,907,578,82,1295,565,3427,1860,21.1,4.3,9.9,10.3,17.8,10.2,5.8,9,4.3,7.2,40380,40380,10100,31200,4.022377642,0,2.011188821,2.011188821,2.011188821,2.011188821,0,20193.34136,4746.405618,10800.08397,4646.851771,5129.537088,7446.42661,7617.37766,1667.275533,3680.475543,934.1972074,2037.334276,708.9440594,857.7720322,1236.881125,1585.822385,370.0587431,9079.511933,1994.093716,4582.493729,2502.924488,2668.847566,3633.212605,2777.451762,713.9720315,1834.204205,306.7062952,927.1580465,600.3398631,586.2615413,722.0167868,525.9258767,297.6559455
42,17031010100,17031031300,1.625,20.5,871.75,4,9.0625,0.25,2.55,11.8625,0.875,0.125,1.125,1,4522,2301,2221,384,253,240,51,431,845,761,552,543,210,192,18,42,35.3,2316,1.89,3,466,0,133,163,170,3163,26,314,533,729,78,916,567,2823,1483,20.5,4.8,13.1,10.4,8.5,12.3,10.4,13.8,3.8,2.5,37985,37985,7604,3666,3938,212,297,366,184,480,1037,1126,1041,540,561,843,560,357,45.8,17031031300,4089,1.71,2.83,550,55,91,245,159,6065,281,308,998,1024,384,1838,1232,5476,3070,12.6,4.7,8.8,13.8,15.8,17.1,10.5,7.9,4.9,3.8,41445,41445,10100,31300,,,,,,,,20193.34136,4746.405618,10800.08397,4646.851771,5129.537088,7446.42661,7617.37766,1667.275533,3297.344072,741.1230806,1879.455953,676.7650383,602.3510519,914.0853192,1780.907701,368.0475543,9079.511933,1994.093716,4582.493729,2502.924488,2668.847566,3633.212605,2777.451762,713.9720315,1455.095112,279.5552461,863.8055987,311.7342673,264.47133,622.4629401,568.160842,9.050349695
43,17031010100,17031031400,1.333333333,9.333333333,1001.666667,4.983333333,7.083333333,0.333333333,2.541666667,9.958333333,0.333333333,0.666666667,1.833333333,1,4522,2301,2221,384,253,240,51,431,845,761,552,543,210,192,18,42,35.3,2316,1.89,3,466,0,133,163,170,3163,26,314,533,729,78,916,567,2823,1483,20.5,4.8,13.1,10.4,8.5,12.3,10.4,13.8,3.8,2.5,37985,37985,4853,2291,2562,180,0,50,9,265,1560,702,513,359,202,497,261,255,37.8,17031031400,3015,1.55,2.28,274,0,23,0,251,4349,44,172,240,342,254,1769,1528,4133,3297,5.3,1.8,9.9,6.5,7.9,22.3,14.7,13.1,8.8,9.9,69590,69590,10100,31400,1.005594411,0,0,1.005594411,0,0,1.005594411,20193.34136,4746.405618,10800.08397,4646.851771,5129.537088,7446.42661,7617.37766,1667.275533,2877.005609,790.3972067,1530.514693,556.093709,449.5007015,613.4125904,1814.092317,291.6223791,9079.511933,1994.093716,4582.493729,2502.924488,2668.847566,3633.212605,2777.451762,713.9720315,1673.309099,290.6167846,965.3706341,417.3216804,301.6783232,480.6741282,890.9566477,17.09510498
44,17031010100,17031031501,1.5,10.5,958,5.25,7.5,0,2.55,10.05,0.5,0.5,2,1,4522,2301,2221,384,253,240,51,431,845,761,552,543,210,192,18,42,35.3,2316,1.89,3,466,0,133,163,170,3163,26,314,533,729,78,916,567,2823,1483,20.5,4.8,13.1,10.4,8.5,12.3,10.4,13.8,3.8,2.5,37985,37985,4587,2152,2435,306,342,154,236,228,826,666,583,230,209,451,273,83,38.9,17031031501,1850,2.16,3.11,312,45,30,94,143,3321,311,342,719,607,127,778,437,2668,1215,20.6,9.9,19.1,8.1,7.3,14.6,8.6,6.8,2.5,2.4,25257,25257,10100,31501,2.011188821,0,2.011188821,0,2.011188821,0,0,20193.34136,4746.405618,10800.08397,4646.851771,5129.537088,7446.42661,7617.37766,1667.275533,1944.81959,581.2335693,1044.812593,318.7734281,476.6517506,632.5188842,835.6489552,264.47133,9079.511933,1994.093716,4582.493729,2502.924488,2668.847566,3633.212605,2777.451762,713.9720315,416.316086,65.36363669,239.3314697,111.6209796,162.9062945,152.8503504,100.5594411,11.06153852
45,17031010100,17031031502,1.5,16,986.5,4.96875,10,0.125,1.434375,11.559375,0.5,0.625,2,1,4522,2301,2221,384,253,240,51,431,845,761,552,543,210,192,18,42,35.3,2316,1.89,3,466,0,133,163,170,3163,26,314,533,729,78,916,567,2823,1483,20.5,4.8,13.1,10.4,8.5,12.3,10.4,13.8,3.8,2.5,37985,37985,4651,2404,2247,223,187,236,238,452,1191,635,595,204,384,166,109,31,33.1,17031031502,2378,1.96,3.17,577,114,129,256,78,3315,148,231,701,604,216,1056,359,2936,1415,25,12,12.6,10.8,11.1,11.9,2.9,7.8,2.3,3.4,25317,25317,10100,31502,1.005594411,0,1.005594411,0,1.005594411,0,0,20193.34136,4746.405618,10800.08397,4646.851771,5129.537088,7446.42661,7617.37766,1667.275533,2134.876934,592.2951078,1202.690915,339.8909108,515.8699326,797.4363676,821.5706334,305.7007008,9079.511933,1994.093716,4582.493729,2502.924488,2668.847566,3633.212605,2777.451762,713.9720315,288.6055958,67.37482551,153.8559448,67.37482551,112.626574,121.6769237,54.30209817,24.13426585
46,17031010100,17031031700,1.25,23,1116.75,4.275,8.125,1.25,2.6625,12.0375,0.75,0.25,1.75,1,4522,2301,2221,384,253,240,51,431,845,761,552,543,210,192,18,42,35.3,2316,1.89,3,466,0,133,163,170,3163,26,314,533,729,78,916,567,2823,1483,20.5,4.8,13.1,10.4,8.5,12.3,10.4,13.8,3.8,2.5,37985,37985,6691,3447,3244,282,340,66,126,664,1877,1215,1151,399,204,264,78,25,34.9,17031031700,3531,1.86,2.74,734,0,134,311,289,5213,77,249,1153,679,336,1707,1012,4887,2719,13.8,6.8,11.1,7.2,9.1,10.2,13.8,12.9,5.7,9.4,56175,56175,10100,31700,4.022377642,0,4.022377642,0,1.005594411,3.016783232,0,20193.34136,4746.405618,10800.08397,4646.851771,5129.537088,7446.42661,7617.37766,1667.275533,3420.02659,878.8895148,2111.748262,429.3888133,655.6475557,910.0629415,1854.316093,410.2825195,9079.511933,1994.093716,4582.493729,2502.924488,2668.847566,3633.212605,2777.451762,713.9720315,651.625178,91.50909136,403.2433586,156.872728,145.8111895,254.4153859,251.3986026,39.21818201
47,17031010100,17031031800,1.5,22,950.5,4.2,10,1.5,2.55,14.05,1,0,1,1,4522,2301,2221,384,253,240,51,431,845,761,552,543,210,192,18,42,35.3,2316,1.89,3,466,0,133,163,170,3163,26,314,533,729,78,916,567,2823,1483,20.5,4.8,13.1,10.4,8.5,12.3,10.4,13.8,3.8,2.5,37985,37985,1857,988,869,156,72,18,29,82,615,439,199,95,37,84,16,15,34.2,17031031800,966,1.91,2.85,88,6,0,34,48,1500,21,42,134,158,91,622,432,1437,1054,2.9,1.7,7.6,10.4,10.6,15,13.5,16.7,10.5,11.4,78558,78558,10100,31800,1.005594411,0,1.005594411,0,0,0,1.005594411,20193.34136,4746.405618,10800.08397,4646.851771,5129.537088,7446.42661,7617.37766,1667.275533,1095.092313,282.5720294,692.8545489,119.6657349,182.0125883,248.3818194,664.6979054,102.5706299,9079.511933,1994.093716,4582.493729,2502.924488,2668.847566,3633.212605,2777.451762,713.9720315,914.0853192,247.376225,509.8363661,156.872728,196.0909101,352.9636381,365.030771,113.6321684
48,17031010100,17031031900,1.5,13,1025,4.25,10,0,2.55,12.55,1,0,1,1,4522,2301,2221,384,253,240,51,431,845,761,552,543,210,192,18,42,35.3,2316,1.89,3,466,0,133,163,170,3163,26,314,533,729,78,916,567,2823,1483,20.5,4.8,13.1,10.4,8.5,12.3,10.4,13.8,3.8,2.5,37985,37985,2566,1299,1267,49,88,52,141,178,845,446,280,120,129,134,96,8,33.8,17031031900,1260,2.02,2.9,208,34,30,48,96,2058,24,131,236,132,82,959,494,1903,1453,2.5,2.5,9.9,5.4,16.4,18.5,12.4,16.3,7.1,9,67760,67760,10100,31900,1.005594411,0,1.005594411,0,0,1.005594411,0,20193.34136,4746.405618,10800.08397,4646.851771,5129.537088,7446.42661,7617.37766,1667.275533,1468.167839,420.3384636,869.8391651,177.9902107,258.4377635,306.7062952,903.0237807,156.872728,9079.511933,1994.093716,4582.493729,2502.924488,2668.847566,3633.212605,2777.451762,713.9720315,607.379024,154.8615392,306.7062952,145.8111895,185.0293715,252.404197,169.9454554,95.531469
49,17031010100,17031032100,1.666666667,14.33333333,1207.666667,5.4,9.166666667,0.333333333,2.55,12.05,0.666666667,0.333333333,2,1,4522,2301,2221,384,253,240,51,431,845,761,552,543,210,192,18,42,35.3,2316,1.89,3,466,0,133,163,170,3163,26,314,533,729,78,916,567,2823,1483,20.5,4.8,13.1,10.4,8.5,12.3,10.4,13.8,3.8,2.5,37985,37985,6837,3249,3588,217,68,124,108,780,1873,1168,600,714,452,284,295,154,36.5,17031032100,3850,1.74,2.58,780,1,63,196,520,5540,7,280,863,598,485,2132,1175,5253,3307,11.8,5.8,13.4,7.8,8.9,11.2,10.2,14.5,7,9.5,53013,53013,10100,32100,,,,,,,,20193.34136,4746.405618,10800.08397,4646.851771,5129.537088,7446.42661,7617.37766,1667.275533,4085.73009,1296.211195,2275.660151,513.8587438,782.3524514,1036.767837,2266.609801,524.9202823,9079.511933,1994.093716,4582.493729,2502.924488,2668.847566,3633.212605,2777.451762,713.9720315,1831.187422,467.6014009,978.4433615,385.1426592,349.9468549,844.6993049,636.5412619,43.24055965
50,17031010100,17031040100,1.666666667,13,978.6666667,3.966666667,9.166666667,1,2.55,12.71666667,1,0,1,1,4522,2301,2221,384,253,240,51,431,845,761,552,543,210,192,18,42,35.3,2316,1.89,3,466,0,133,163,170,3163,26,314,533,729,78,916,567,2823,1483,20.5,4.8,13.1,10.4,8.5,12.3,10.4,13.8,3.8,2.5,37985,37985,3879,1948,1931,377,150,114,92,198,809,798,515,156,286,185,129,70,37.2,17031040100,1603,2.29,3.08,223,46,66,55,56,2948,110,169,336,435,107,1052,739,2669,1791,2.9,1.7,2.2,6.9,10,19.5,16.9,19,9.2,11.7,85368,85368,10100,40100,2.011188821,0,2.011188821,0,0,2.011188821,0,20193.34136,4746.405618,10800.08397,4646.851771,5129.537088,7446.42661,7617.37766,1667.275533,5225.068557,1060.902103,3010.749665,1153.416789,1154.422383,1561.68812,2508.958054,440.4503518,9079.511933,1994.093716,4582.493729,2502.924488,2668.847566,3633.212605,2777.451762,713.9720315,1823.142666,272.5160853,993.5272776,557.0993034,381.1202816,675.7594439,766.2629408,75.41958079
51,17031010100,17031040201,1.5,15.16666667,934.6666667,4.566666667,8.75,0.833333333,2.55,12.13333333,0.833333333,0.166666667,1.166666667,1,4522,2301,2221,384,253,240,51,431,845,761,552,543,210,192,18,42,35.3,2316,1.89,3,466,0,133,163,170,3163,26,314,533,729,78,916,567,2823,1483,20.5,4.8,13.1,10.4,8.5,12.3,10.4,13.8,3.8,2.5,37985,37985,6891,3341,3550,611,273,199,157,194,2275,1293,702,310,214,319,246,98,33.6,17031040201,2962,2.32,3.04,241,26,53,123,39,5457,172,321,598,917,279,2241,929,4964,3170,2.7,2.8,7.9,3.5,15.7,20.2,14.4,17.4,8.3,7.2,71322,71322,10100,40201,5.027972053,4.022377642,0,1.005594411,0,5.027972053,0,20193.34136,4746.405618,10800.08397,4646.851771,5129.537088,7446.42661,7617.37766,1667.275533,3306.394422,735.0895141,2046.384625,524.9202823,578.2167861,891.9622422,1836.215394,344.9188828,9079.511933,1994.093716,4582.493729,2502.924488,2668.847566,3633.212605,2777.451762,713.9720315,3599.022395,826.5986055,1938.786024,833.6377663,701.9048986,1187.606999,1709.510498,204.1356653
52,17031010100,17031040202,1.666666667,6.666666667,1026,4.033333333,8.333333333,0.666666667,2.55,11.55,0.666666667,0.333333333,1.666666667,1,4522,2301,2221,384,253,240,51,431,845,761,552,543,210,192,18,42,35.3,2316,1.89,3,466,0,133,163,170,3163,26,314,533,729,78,916,567,2823,1483,20.5,4.8,13.1,10.4,8.5,12.3,10.4,13.8,3.8,2.5,37985,37985,7265,4021,3244,597,128,254,531,523,1459,1469,875,357,404,413,116,139,35.9,17031040202,2961,2.37,3.28,742,53,212,332,145,5232,270,295,1390,887,298,1395,697,4667,2092,10.5,10.5,12.9,11.7,13.3,14.3,8.5,10.1,1.9,6.2,40011,40011,10100,40202,6.033566463,0,4.022377642,2.011188821,1.005594411,3.016783232,2.011188821,20193.34136,4746.405618,10800.08397,4646.851771,5129.537088,7446.42661,7617.37766,1667.275533,3108.292323,724.0279756,1770.851757,613.4125904,681.7930103,1149.394411,1277.104901,361.0083934,9079.511933,1994.093716,4582.493729,2502.924488,2668.847566,3633.212605,2777.451762,713.9720315,533.970632,114.6377628,295.6447567,123.6881125,201.1188821,244.3594418,88.49230813,73.40839197
53,17031010100,17031040300,1,25,932,4.6,10,0,2.55,12.55,1,0,1,1,4522,2301,2221,384,253,240,51,431,845,761,552,543,210,192,18,42,35.3,2316,1.89,3,466,0,133,163,170,3163,26,314,533,729,78,916,567,2823,1483,20.5,4.8,13.1,10.4,8.5,12.3,10.4,13.8,3.8,2.5,37985,37985,2925,1207,1718,191,64,130,129,207,445,331,414,249,205,328,149,83,42.9,17031040300,1062,2.66,3.08,257,15,92,136,14,2204,46,151,304,333,180,654,536,2007,1190,0.8,4,5,6.3,6.6,12.2,18,23.5,12.5,10.9,90250,90250,10100,40300,,,,,,,,20193.34136,4746.405618,10800.08397,4646.851771,5129.537088,7446.42661,7617.37766,1667.275533,4355.229392,954.3090956,2301.805606,1099.114691,1066.93567,1452.078329,1836.215394,373.0755263,9079.511933,1994.093716,4582.493729,2502.924488,2668.847566,3633.212605,2777.451762,713.9720315,2774.434979,614.4181848,1371.630776,788.3860179,925.1468577,1037.773432,811.5146893,198.1020989
54,17031010100,17031040401,1,10,952.5,4.7,7.5,0.5,2.55,10.55,0,1,1.5,1,4522,2301,2221,384,253,240,51,431,845,761,552,543,210,192,18,42,35.3,2316,1.89,3,466,0,133,163,170,3163,26,314,533,729,78,916,567,2823,1483,20.5,4.8,13.1,10.4,8.5,12.3,10.4,13.8,3.8,2.5,37985,37985,3347,1803,1544,355,38,23,97,61,1053,636,360,211,170,178,80,85,35.6,17031040401,1342,2.49,3.13,110,0,49,18,43,2773,65,112,338,235,87,1179,757,2596,1936,1.4,0.8,4.5,12.7,8,11,18,19.3,6.3,18,89063,89063,10100,40401,,,,,,,,20193.34136,4746.405618,10800.08397,4646.851771,5129.537088,7446.42661,7617.37766,1667.275533,1682.359449,360.002799,1031.739865,290.6167846,314.7510505,383.1314704,984.4769279,184.0237771,9079.511933,1994.093716,4582.493729,2502.924488,2668.847566,3633.212605,2777.451762,713.9720315,307.7118896,91.50909136,157.8783225,58.32447581,81.45314725,130.7272734,95.531469,34.19020996
55,17031010100,17031040402,1.6,17.8,956.6,4.34,7.5,1.8,2.55,11.85,0.8,0.2,2,1,4522,2301,2221,384,253,240,51,431,845,761,552,543,210,192,18,42,35.3,2316,1.89,3,466,0,133,163,170,3163,26,314,533,729,78,916,567,2823,1483,20.5,4.8,13.1,10.4,8.5,12.3,10.4,13.8,3.8,2.5,37985,37985,5269,2818,2451,367,394,316,12,368,1537,970,773,139,180,104,17,92,33.1,17031040402,2546,2.07,2.9,368,0,66,34,268,3812,84,0,407,414,30,1484,1393,3728,2877,3,0.5,5.8,9.1,12.4,16.7,8.6,18.3,13.1,12.5,82798,82798,10100,40402,,,,,,,,20193.34136,4746.405618,10800.08397,4646.851771,5129.537088,7446.42661,7617.37766,1667.275533,3003.710504,844.6993049,1832.193016,326.8181834,483.6909115,717.9944091,1802.025184,351.9580437,9079.511933,1994.093716,4582.493729,2502.924488,2668.847566,3633.212605,2777.451762,713.9720315,797.4363676,316.7622393,344.9188828,135.7552454,377.097904,292.6279735,127.7104901,75.41958079
56,17031010100,17031050500,2,25,1470,6.1,12.5,0,2.55,15.05,1,0,1,1,4522,2301,2221,384,253,240,51,431,845,761,552,543,210,192,18,42,35.3,2316,1.89,3,466,0,133,163,170,3163,26,314,533,729,78,916,567,2823,1483,20.5,4.8,13.1,10.4,8.5,12.3,10.4,13.8,3.8,2.5,37985,37985,6069,3102,2967,565,548,568,249,105,1163,1158,878,386,166,111,135,37,34.1,17031050500,2115,2.86,3.38,159,32,49,33,45,4034,3,173,220,320,84,1891,1343,3858,3234,0.5,0.7,2.2,0.9,2.5,9.1,18.5,21.3,13.9,30.4,133845,133845,10100,50500,,,,,,,,20193.34136,4746.405618,10800.08397,4646.851771,5129.537088,7446.42661,7617.37766,1667.275533,3925.840579,840.6769272,2312.867144,772.2965073,751.1790247,1077.997208,2096.664346,340.8965052,9079.511933,1994.093716,4582.493729,2502.924488,2668.847566,3633.212605,2777.451762,713.9720315,9022.193051,2398.342669,4734.338485,1889.511897,2327.95106,4182.267153,2511.974838,1243.920286
57,17031010100,17031050600,2,2.5,1303,6.3,8.75,1,2.55,12.3,0.5,0.5,2,1,4522,2301,2221,384,253,240,51,431,845,761,552,543,210,192,18,42,35.3,2316,1.89,3,466,0,133,163,170,3163,26,314,533,729,78,916,567,2823,1483,20.5,4.8,13.1,10.4,8.5,12.3,10.4,13.8,3.8,2.5,37985,37985,2177,1076,1101,137,80,52,67,178,553,351,363,126,115,91,37,27,35.4,17031050600,1092,1.99,2.92,189,0,25,78,86,1663,0,0,115,161,20,877,490,1663,1367,1.7,2.7,1.4,3.2,4.3,16.7,15.8,22.1,8.2,23.8,105513,105513,10100,50600,,,,,,,,20193.34136,4746.405618,10800.08397,4646.851771,5129.537088,7446.42661,7617.37766,1667.275533,2945.386028,626.4853178,1691.409799,627.4909122,582.2391637,747.156647,1615.990218,254.4153859,9079.511933,1994.093716,4582.493729,2502.924488,2668.847566,3633.212605,2777.451762,713.9720315,7748.104933,1826.15945,4555.34268,1366.602804,624.4741289,1391.742664,5731.88814,345.9244772
58,17031010100,17031050700,1,11,1421,6.1,5,0,2.55,7.55,0,1,3,1,4522,2301,2221,384,253,240,51,431,845,761,552,543,210,192,18,42,35.3,2316,1.89,3,466,0,133,163,170,3163,26,314,533,729,78,916,567,2823,1483,20.5,4.8,13.1,10.4,8.5,12.3,10.4,13.8,3.8,2.5,37985,37985,1610,746,864,148,85,71,34,135,423,308,193,57,46,95,15,0,32.7,17031050700,680,2.37,3.12,135,8,15,53,59,1137,4,31,64,104,9,466,459,1102,925,3.8,0,2.6,7.2,0.7,13.5,11.3,23.7,15.1,21.9,124500,124500,10100,50700,,,,,,,,20193.34136,4746.405618,10800.08397,4646.851771,5129.537088,7446.42661,7617.37766,1667.275533,2707.060153,677.7706327,1490.290916,538.9986041,615.4237793,851.7384657,1239.897908,260.4489523,9079.511933,1994.093716,4582.493729,2502.924488,2668.847566,3633.212605,2777.451762,713.9720315,984.4769279,297.6559455,480.6741282,206.1468542,369.0531487,451.5118903,163.9118889,125.6993013
59,17031010100,17031051200,2,28,1220,6.1,12.5,0,2.55,15.05,1,0,1,1,4522,2301,2221,384,253,240,51,431,845,761,552,543,210,192,18,42,35.3,2316,1.89,3,466,0,133,163,170,3163,26,314,533,729,78,916,567,2823,1483,20.5,4.8,13.1,10.4,8.5,12.3,10.4,13.8,3.8,2.5,37985,37985,1594,783,811,154,44,108,75,52,537,294,165,53,40,27,23,22,31.8,17031051200,596,2.57,2.96,66,0,8,29,29,1161,25,23,14,84,39,594,382,1113,976,0,1,2.7,1,6.5,4.9,11.2,31.2,15.8,25.7,129167,129167,10100,51200,,,,,,,,20193.34136,4746.405618,10800.08397,4646.851771,5129.537088,7446.42661,7617.37766,1667.275533,895.9846198,236.3146865,547.0433593,112.626574,105.5874131,196.0909101,594.3062966,79.44195843,9079.511933,1994.093716,4582.493729,2502.924488,2668.847566,3633.212605,2777.451762,713.9720315,355.9804213,82.45874166,204.1356653,69.38601433,44.24615406,130.7272734,181.0069939,44.24615406
60,17031010100,17031060100,1.5,18,1162,5.5,10,0,2.55,12.55,0.5,0.5,1.5,1,4522,2301,2221,384,253,240,51,431,845,761,552,543,210,192,18,42,35.3,2316,1.89,3,466,0,133,163,170,3163,26,314,533,729,78,916,567,2823,1483,20.5,4.8,13.1,10.4,8.5,12.3,10.4,13.8,3.8,2.5,37985,37985,2852,1331,1521,168,186,192,60,232,605,762,289,118,76,122,14,28,34.8,17031060100,1234,2.31,2.99,240,8,8,0,224,2014,57,27,108,183,94,838,707,1930,1545,2.2,0.7,4.1,4.5,7.6,16.9,17.7,18.3,6.8,21.2,92593,92593,10100,60100,,,,,,,,20193.34136,4746.405618,10800.08397,4646.851771,5129.537088,7446.42661,7617.37766,1667.275533,3420.02659,812.5202837,1980.015394,627.4909122,637.5468563,1025.706299,1756.773435,276.5384629,9079.511933,1994.093716,4582.493729,2502.924488,2668.847566,3633.212605,2777.451762,713.9720315,928.1636409,320.784617,421.344058,186.034966,319.7790226,406.2601419,202.1244765,274.5272741
61,17031010100,17031060400,2,14,1180,5.1,10,0,2.55,12.55,1,0,1,1,4522,2301,2221,384,253,240,51,431,845,761,552,543,210,192,18,42,35.3,2316,1.89,3,466,0,133,163,170,3163,26,314,533,729,78,916,567,2823,1483,20.5,4.8,13.1,10.4,8.5,12.3,10.4,13.8,3.8,2.5,37985,37985,3779,1850,1929,423,227,106,50,533,1170,667,286,129,53,105,30,0,29.5,17031060400,1548,2.44,3.03,541,8,23,174,336,2440,8,15,161,138,16,1286,816,2417,2102,1,2.1,0.7,4.3,7,17.1,9.8,16.1,17.1,24.9,122708,122708,10100,60400,,,,,,,,20193.34136,4746.405618,10800.08397,4646.851771,5129.537088,7446.42661,7617.37766,1667.275533,2661.808405,753.1902135,1551.632175,356.9860157,407.2657363,576.2055972,1678.337071,226.2587424,9079.511933,1994.093716,4582.493729,2502.924488,2668.847566,3633.212605,2777.451762,713.9720315,1175.539866,369.0531487,565.1440587,241.3426585,326.8181834,495.7580444,352.9636381,109.6097907
62,17031010100,17031060800,1.6,13.4,900.4,5.26,8.5,0.6,2.55,11.65,0.8,0.2,1.6,1,4522,2301,2221,384,253,240,51,431,845,761,552,543,210,192,18,42,35.3,2316,1.89,3,466,0,133,163,170,3163,26,314,533,729,78,916,567,2823,1483,20.5,4.8,13.1,10.4,8.5,12.3,10.4,13.8,3.8,2.5,37985,37985,5048,2511,2537,150,115,84,61,386,1848,906,610,201,202,322,114,49,34.3,17031060800,3063,1.65,2.63,386,0,0,85,301,4252,10,16,200,433,153,2060,1380,4226,3440,3,2.5,3.1,3.2,12,15.9,20.9,21.2,8.8,9.4,87723,87723,10100,60800,,,,,,,,20193.34136,4746.405618,10800.08397,4646.851771,5129.537088,7446.42661,7617.37766,1667.275533,2948.402812,1002.577627,1519.453154,426.3720301,386.1482536,534.9762264,2027.278332,297.6559455,9079.511933,1994.093716,4582.493729,2502.924488,2668.847566,3633.212605,2777.451762,713.9720315,444.4727295,76.4251752,243.3538474,124.6937069,192.0685324,110.6153852,141.7888119,7.039160874
63,17031010100,17031060900,1.454545455,9,1200.954545,6.122727273,11.13636364,0.772727273,2.55,14.45909091,0.818181818,0.272727273,1.818181818,1,4522,2301,2221,384,253,240,51,431,845,761,552,543,210,192,18,42,35.3,2316,1.89,3,466,0,133,163,170,3163,26,314,533,729,78,916,567,2823,1483,20.5,4.8,13.1,10.4,8.5,12.3,10.4,13.8,3.8,2.5,37985,37985,7114,3489,3625,121,109,163,54,1094,2076,1160,912,364,370,312,266,113,34.8,17031060900,4680,1.52,2.73,1094,0,34,439,621,5573,132,89,416,659,397,2290,1590,5352,3880,3.5,2.4,9,8.5,12.9,23.4,13.2,17.5,1.8,7.6,59942,59942,10100,60900,,,,,,,,20193.34136,4746.405618,10800.08397,4646.851771,5129.537088,7446.42661,7617.37766,1667.275533,4027.405614,1339.451755,2044.373437,643.5804227,517.8811214,761.2349688,2748.289524,387.1538481,9079.511933,1994.093716,4582.493729,2502.924488,2668.847566,3633.212605,2777.451762,713.9720315,687.8265768,149.8335672,374.0811207,163.9118889,130.7272734,270.5048964,286.594407,103.5762243
64,17031010100,17031061000,1.5,2.5,963.5,5.75,10,0,2.55,12.55,1,0,1,1,4522,2301,2221,384,253,240,51,431,845,761,552,543,210,192,18,42,35.3,2316,1.89,3,466,0,133,163,170,3163,26,314,533,729,78,916,567,2823,1483,20.5,4.8,13.1,10.4,8.5,12.3,10.4,13.8,3.8,2.5,37985,37985,2208,1267,941,76,36,0,55,505,893,355,92,30,102,44,0,20,29.9,17031061000,1074,2.06,2.36,556,9,17,198,332,1536,0,0,66,126,13,832,499,1536,1331,5.9,0.8,4.4,3.5,3.7,10.8,8.8,25,18.3,18.7,116389,116389,10100,61000,,,,,,,,20193.34136,4746.405618,10800.08397,4646.851771,5129.537088,7446.42661,7617.37766,1667.275533,1296.211195,529.9482544,645.5916116,120.6713293,173.967833,218.2139871,904.0293751,144.8055951,9079.511933,1994.093716,4582.493729,2502.924488,2668.847566,3633.212605,2777.451762,713.9720315,645.5916116,183.0181827,388.1594425,74.41398638,137.7664342,328.8293722,178.9958051,183.0181827
65,17031010100,17031061100,1,25,1082,6,12.5,0,2.55,15.05,1,0,1,1,4522,2301,2221,384,253,240,51,431,845,761,552,543,210,192,18,42,35.3,2316,1.89,3,466,0,133,163,170,3163,26,314,533,729,78,916,567,2823,1483,20.5,4.8,13.1,10.4,8.5,12.3,10.4,13.8,3.8,2.5,37985,37985,1379,801,578,72,36,30,0,370,492,184,103,16,40,30,6,0,27.2,17031061100,602,2.29,2.9,370,0,26,93,251,871,4,0,29,41,34,474,289,867,763,0.8,0,2.5,0,9,19.4,14,18.4,13.6,22.3,107500,107500,10100,61100,,,,,,,,20193.34136,4746.405618,10800.08397,4646.851771,5129.537088,7446.42661,7617.37766,1667.275533,809.5035005,348.9412605,375.0867151,85.4755249,108.6041963,131.7328678,569.1664364,79.44195843,9079.511933,1994.093716,4582.493729,2502.924488,2668.847566,3633.212605,2777.451762,713.9720315,1674.314694,592.2951078,644.5860172,437.4335686,1008.611194,318.7734281,346.9300716,327.8237778
66,17031010100,17031061901,2,8,1183.833333,6.466666667,8.75,0,2.55,11.3,0.666666667,0.666666667,2.666666667,1,4522,2301,2221,384,253,240,51,431,845,761,552,543,210,192,18,42,35.3,2316,1.89,3,466,0,133,163,170,3163,26,314,533,729,78,916,567,2823,1483,20.5,4.8,13.1,10.4,8.5,12.3,10.4,13.8,3.8,2.5,37985,37985,3597,1812,1785,47,119,112,62,295,1234,647,446,164,189,158,80,44,32,17031061901,2194,1.64,2.74,327,32,0,135,160,2962,37,0,157,186,74,1337,1171,2925,2508,10.1,2.8,7,7.6,16.6,14.4,14,13.5,5.1,9,60909,60909,10100,61901,,,,,,,,20193.34136,4746.405618,10800.08397,4646.851771,5129.537088,7446.42661,7617.37766,1667.275533,2209.29092,796.4307732,1122.243362,290.6167846,315.7566449,390.1706313,1503.363644,217.2083927,9079.511933,1994.093716,4582.493729,2502.924488,2668.847566,3633.212605,2777.451762,713.9720315,375.0867151,89.49790254,213.186015,72.40279756,98.54825223,145.8111895,130.7272734,99.55384664
67,17031010100,17031062000,1.6,13.2,1206,6.88,13,1.3,2.55,16.85,1.2,0,1.2,1,4522,2301,2221,384,253,240,51,431,845,761,552,543,210,192,18,42,35.3,2316,1.89,3,466,0,133,163,170,3163,26,314,533,729,78,916,567,2823,1483,20.5,4.8,13.1,10.4,8.5,12.3,10.4,13.8,3.8,2.5,37985,37985,2981,1429,1552,123,80,12,12,420,1510,375,265,46,1,91,34,12,28.7,17031062000,1546,1.92,2.63,420,0,12,36,372,2334,1,0,140,146,46,1361,640,2333,2001,2.7,1.6,5.3,6.5,11.8,16.7,15.1,15.8,10.8,13.8,80595,80595,10100,62000,1.005594411,0,0,1.005594411,0,1.005594411,0,20193.34136,4746.405618,10800.08397,4646.851771,5129.537088,7446.42661,7617.37766,1667.275533,1810.069939,686.8209824,917.1021024,206.1468542,232.2923088,313.7454561,1264.032174,183.0181827,9079.511933,1994.093716,4582.493729,2502.924488,2668.847566,3633.212605,2777.451762,713.9720315,647.6028004,222.2363647,315.7566449,109.6097907,218.2139871,284.5832182,144.8055951,361.0083934
68,17031010100,17031062100,1.714285714,14.71428571,1237.142857,6.9,11.42857143,0,2.185714286,13.61428571,0.571428571,0.428571429,1.428571429,1,4522,2301,2221,384,253,240,51,431,845,761,552,543,210,192,18,42,35.3,2316,1.89,3,466,0,133,163,170,3163,26,314,533,729,78,916,567,2823,1483,20.5,4.8,13.1,10.4,8.5,12.3,10.4,13.8,3.8,2.5,37985,37985,3772,2106,1666,236,54,13,41,698,1448,463,276,220,65,164,84,10,28.7,17031062100,1834,2.06,2.78,732,23,56,206,447,2730,62,11,129,265,69,1464,730,2657,2194,11.2,5.1,3.8,2.3,5.9,15.6,6.9,19.6,7.7,21.8,94500,94500,10100,62100,1.005594411,0,1.005594411,0,0,0,1.005594411,20193.34136,4746.405618,10800.08397,4646.851771,5129.537088,7446.42661,7617.37766,1667.275533,2201.246165,965.3706341,1056.879725,178.9958051,271.5104908,360.002799,1569.732875,227.2643368,9079.511933,1994.093716,4582.493729,2502.924488,2668.847566,3633.212605,2777.451762,713.9720315,1447.050357,536.9874152,737.1007029,172.9622386,533.970632,567.1552475,345.9244772,683.8041992
69,17031010100,17031062900,1.4,13.4,1306.4,7.28,9.5,0.4,2.55,12.45,0.6,0.4,1.8,1,4522,2301,2221,384,253,240,51,431,845,761,552,543,210,192,18,42,35.3,2316,1.89,3,466,0,133,163,170,3163,26,314,533,729,78,916,567,2823,1483,20.5,4.8,13.1,10.4,8.5,12.3,10.4,13.8,3.8,2.5,37985,37985,3818,2149,1669,151,87,190,32,583,1734,344,408,72,126,44,33,14,29.3,17031062900,1822,2.1,2.66,602,0,17,80,505,2775,8,7,77,252,60,1470,901,2760,2371,1.3,2.9,3.9,3.1,6.9,15.9,7.5,18.8,15.8,23.9,128750,128750,10100,62900,,,,,,,,20193.34136,4746.405618,10800.08397,4646.851771,5129.537088,7446.42661,7617.37766,1667.275533,2373.202809,976.4321726,1203.696509,193.0741268,213.186015,374.0811207,1785.935673,182.0125883,9079.511933,1994.093716,4582.493729,2502.924488,2668.847566,3633.212605,2777.451762,713.9720315,653.6363669,246.3706306,307.7118896,99.55384664,265.4769244,220.2251759,167.9342666,220.2251759
70,17031010100,17031063000,1,16,1562.5,7.8,10,0,2.55,12.55,0.5,0.5,3,1,4522,2301,2221,384,253,240,51,431,845,761,552,543,210,192,18,42,35.3,2316,1.89,3,466,0,133,163,170,3163,26,314,533,729,78,916,567,2823,1483,20.5,4.8,13.1,10.4,8.5,12.3,10.4,13.8,3.8,2.5,37985,37985,3448,1802,1646,246,51,89,38,418,1450,481,434,114,65,31,0,31,29.7,17031063000,1793,1.9,2.75,418,0,24,78,316,2606,10,22,88,160,90,1295,941,2574,2236,4.5,0.4,1.5,6.2,9.2,15.8,12.9,17.3,11.8,20.4,99213,99213,10100,63000,,,,,,,,20193.34136,4746.405618,10800.08397,4646.851771,5129.537088,7446.42661,7617.37766,1667.275533,1995.099311,883.9174869,935.2028018,175.9790218,228.2699312,291.6223791,1475.207,162.9062945,9079.511933,1994.093716,4582.493729,2502.924488,2668.847566,3633.212605,2777.451762,713.9720315,4541.264358,1146.377628,2479.795816,915.0909136,802.4643396,1328.390216,2410.409802,441.4559462
71,17031010100,17031063200,1.5,11.8,1229.6,7.01,8.75,0,2.035,10.785,0.1,0.9,2.6,1,4522,2301,2221,384,253,240,51,431,845,761,552,543,210,192,18,42,35.3,2316,1.89,3,466,0,133,163,170,3163,26,314,533,729,78,916,567,2823,1483,20.5,4.8,13.1,10.4,8.5,12.3,10.4,13.8,3.8,2.5,37985,37985,6897,2979,3918,249,176,153,52,690,2309,843,583,276,554,519,422,71,33.4,17031063200,4214,1.62,2.77,711,0,55,221,435,5577,15,97,234,636,175,2281,2139,5465,4420,5.6,1.7,3.8,11.2,11.9,18.6,11.1,18.9,4.7,12.5,65426,65426,10100,63200,,,,,,,,20193.34136,4746.405618,10800.08397,4646.851771,5129.537088,7446.42661,7617.37766,1667.275533,3852.432187,1427.944063,1909.623786,514.8643382,464.5846177,664.6979054,2723.149664,336.8741275,9079.511933,1994.093716,4582.493729,2502.924488,2668.847566,3633.212605,2777.451762,713.9720315,722.0167868,200.1132877,372.0699319,149.8335672,223.2419591,313.7454561,185.0293715,94.52587459
72,17031010100,17031063301,1,1,1157,7.3,12.5,0,2.5,15,1,0,1,1,4522,2301,2221,384,253,240,51,431,845,761,552,543,210,192,18,42,35.3,2316,1.89,3,466,0,133,163,170,3163,26,314,533,729,78,916,567,2823,1483,20.5,4.8,13.1,10.4,8.5,12.3,10.4,13.8,3.8,2.5,37985,37985,2768,1276,1492,79,28,5,7,372,1205,258,116,123,89,294,192,0,32,17031063301,1841,1.5,2.45,379,0,0,0,379,2277,49,13,131,275,108,1022,679,2215,1701,14.6,3.3,8.4,6.7,7.8,17.8,13.6,15,3.9,9,58371,58371,10100,63301,,,,,,,,20193.34136,4746.405618,10800.08397,4646.851771,5129.537088,7446.42661,7617.37766,1667.275533,1615.990218,688.8321712,792.4083955,134.749651,188.0461548,289.6111902,1138.332873,137.7664342,9079.511933,1994.093716,4582.493729,2502.924488,2668.847566,3633.212605,2777.451762,713.9720315,369.0531487,162.9062945,172.9622386,33.18461555,121.6769237,181.0069939,66.3692311,259.4433579
73,17031010100,17031063302,1,19,1256.5,6.9,8.75,1,2.55,12.3,0,1,3,1,4522,2301,2221,384,253,240,51,431,845,761,552,543,210,192,18,42,35.3,2316,1.89,3,466,0,133,163,170,3163,26,314,533,729,78,916,567,2823,1483,20.5,4.8,13.1,10.4,8.5,12.3,10.4,13.8,3.8,2.5,37985,37985,3781,1726,2055,102,35,24,0,459,1766,491,231,66,140,234,198,35,31.5,17031063302,2710,1.4,2.37,459,0,0,97,362,3161,0,0,114,226,61,1547,1213,3161,2760,6.2,2.3,1.4,2.5,13.1,21.6,17.2,21.7,6.6,7.2,78720,78720,10100,63302,,,,,,,,20193.34136,4746.405618,10800.08397,4646.851771,5129.537088,7446.42661,7617.37766,1667.275533,2606.500712,1124.254551,1188.612593,293.6335679,293.6335679,351.9580437,1960.909101,206.1468542,9079.511933,1994.093716,4582.493729,2502.924488,2668.847566,3633.212605,2777.451762,713.9720315,352.9636381,76.4251752,196.0909101,80.44755284,102.5706299,117.654546,132.7384622,35.19580437
74,17031010100,17031063400,1,23,1463,7.1,15,0,2.55,17.55,1,0,1,1,4522,2301,2221,384,253,240,51,431,845,761,552,543,210,192,18,42,35.3,2316,1.89,3,466,0,133,163,170,3163,26,314,533,729,78,916,567,2823,1483,20.5,4.8,13.1,10.4,8.5,12.3,10.4,13.8,3.8,2.5,37985,37985,2318,1195,1123,151,72,47,24,250,1111,303,217,37,45,52,9,0,29.2,17031063400,1161,2,2.93,274,13,16,36,209,1774,13,0,38,101,83,974,565,1761,1539,4.1,0,1.8,5.9,5.3,19.9,17.7,18.3,8.7,18.4,97305,97305,10100,63400,,,,,,,,20193.34136,4746.405618,10800.08397,4646.851771,5129.537088,7446.42661,7617.37766,1667.275533,1454.089518,613.4125904,707.938465,132.7384622,168.939861,259.4433579,1025.706299,124.6937069,9079.511933,1994.093716,4582.493729,2502.924488,2668.847566,3633.212605,2777.451762,713.9720315,1005.594411,437.4335686,447.4895127,120.6713293,454.5286736,369.0531487,182.0125883,335.8685331
75,17031010100,17031070102,2,8,1425,7.9,15,0,2.55,17.55,1,0,1,1,4522,2301,2221,384,253,240,51,431,845,761,552,543,210,192,18,42,35.3,2316,1.89,3,466,0,133,163,170,3163,26,314,533,729,78,916,567,2823,1483,20.5,4.8,13.1,10.4,8.5,12.3,10.4,13.8,3.8,2.5,37985,37985,2920,1366,1554,64,51,44,28,386,1373,282,158,149,131,156,32,66,30.5,17031070102,1859,1.52,2.53,394,0,11,12,371,2347,34,5,70,231,94,1144,769,2308,1913,5.9,4.4,6.1,6.8,12.6,15.9,6.6,18,8.9,14.8,70057,70057,10100,70102,,,,,,,,20193.34136,4746.405618,10800.08397,4646.851771,5129.537088,7446.42661,7617.37766,1667.275533,1669.286722,651.625178,819.5594446,198.1020989,201.1188821,231.2867144,1236.881125,142.7944063,9079.511933,1994.093716,4582.493729,2502.924488,2668.847566,3633.212605,2777.451762,713.9720315,863.8055987,293.6335679,439.4447574,130.7272734,282.5720294,370.0587431,211.1748262,303.689512
76,17031010100,17031070600,2,8,1656,9.1,17.5,5,2.55,25.05,1,0,1,1,4522,2301,2221,384,253,240,51,431,845,761,552,543,210,192,18,42,35.3,2316,1.89,3,466,0,133,163,170,3163,26,314,533,729,78,916,567,2823,1483,20.5,4.8,13.1,10.4,8.5,12.3,10.4,13.8,3.8,2.5,37985,37985,3257,1722,1535,306,204,191,171,328,810,423,484,157,82,77,14,10,30.2,17031070600,1259,2.59,3.2,394,40,32,51,271,2057,0,8,25,113,0,1005,906,2049,1911,4.4,0,0.8,3.6,1.8,7.4,12,18.7,12.7,38.7,157125,157125,10100,70600,,,,,,,,20193.34136,4746.405618,10800.08397,4646.851771,5129.537088,7446.42661,7617.37766,1667.275533,1624.034973,425.3664357,949.2811236,249.3874138,204.1356653,215.1972039,1204.702104,121.6769237,9079.511933,1994.093716,4582.493729,2502.924488,2668.847566,3633.212605,2777.451762,713.9720315,471.6237785,154.8615392,236.3146865,80.44755284,76.4251752,226.2587424,168.939861,37.20699319
77,17031010100,17031071100,1,24,1400,8.6,15,0,2.55,17.55,1,0,1,1,4522,2301,2221,384,253,240,51,431,845,761,552,543,210,192,18,42,35.3,2316,1.89,3,466,0,133,163,170,3163,26,314,533,729,78,916,567,2823,1483,20.5,4.8,13.1,10.4,8.5,12.3,10.4,13.8,3.8,2.5,37985,37985,3180,1648,1532,158,125,62,342,669,932,290,297,116,104,71,14,0,26.5,17031071100,1086,2.49,2.99,971,85,189,454,243,1824,0,0,26,74,29,1172,523,1824,1695,4.1,1,3.6,3,7.5,13.5,8.2,14.3,6.3,38.6,119432,119432,10100,71100,,,,,,,,20193.34136,4746.405618,10800.08397,4646.851771,5129.537088,7446.42661,7617.37766,1667.275533,1357.552454,605.3678351,607.379024,144.8055951,167.9342666,200.1132877,989.5049,116.6489516,9079.511933,1994.093716,4582.493729,2502.924488,2668.847566,3633.212605,2777.451762,713.9720315,2036.328681,937.2139906,845.7048993,253.4097915,867.8279763,685.815388,482.6853171,630.5076954
78,17031010100,17031071200,1.666666667,14.66666667,1574.833333,8.666666667,14.16666667,1,1.7,16.86666667,1,0.333333333,2,1,4522,2301,2221,384,253,240,51,431,845,761,552,543,210,192,18,42,35.3,2316,1.89,3,466,0,133,163,170,3163,26,314,533,729,78,916,567,2823,1483,20.5,4.8,13.1,10.4,8.5,12.3,10.4,13.8,3.8,2.5,37985,37985,2024,933,1091,101,94,62,27,272,603,248,137,50,139,207,74,10,30.5,17031071200,978,2.07,2.89,272,0,37,73,162,1468,19,0,107,89,76,749,428,1449,1177,4.8,7.6,2.9,3.7,6.5,7.4,11.9,19.9,10.3,25.1,109191,109191,10100,71200,,,,,,,,20193.34136,4746.405618,10800.08397,4646.851771,5129.537088,7446.42661,7617.37766,1667.275533,1097.103502,401.2321698,545.0321705,150.8391616,126.7048957,137.7664342,832.6321719,69.38601433,9079.511933,1994.093716,4582.493729,2502.924488,2668.847566,3633.212605,2777.451762,713.9720315,1303.250356,269.499302,792.4083955,241.3426585,288.6055958,258.4377635,756.2069967,316.7622393
79,17031010100,17031071500,1.333333333,9,1326.5,8.916666667,15,0.666666667,2.533333333,18.2,1.333333333,0,1.333333333,1,4522,2301,2221,384,253,240,51,431,845,761,552,543,210,192,18,42,35.3,2316,1.89,3,466,0,133,163,170,3163,26,314,533,729,78,916,567,2823,1483,20.5,4.8,13.1,10.4,8.5,12.3,10.4,13.8,3.8,2.5,37985,37985,6065,2846,3219,204,153,249,58,284,2547,863,702,257,192,419,87,50,32.2,17031071500,3857,1.57,2.68,284,0,0,12,272,5117,0,15,240,245,31,2618,1968,5102,4586,2.5,1.3,3.3,3.8,11.8,15.7,13,20,12.1,16.4,94598,94598,10100,71500,,,,,,,,20193.34136,4746.405618,10800.08397,4646.851771,5129.537088,7446.42661,7617.37766,1667.275533,3687.514703,1352.524482,1872.416792,462.5734289,402.2377642,427.3776245,2857.899315,258.4377635,9079.511933,1994.093716,4582.493729,2502.924488,2668.847566,3633.212605,2777.451762,713.9720315,1778.896512,627.4909122,857.7720322,293.6335679,576.2055972,701.9048986,500.7860165,512.8531494
80,17031010100,17031071700,1,17,1274,9.2,15,3,2.55,20.55,1,0,1,1,4522,2301,2221,384,253,240,51,431,845,761,552,543,210,192,18,42,35.3,2316,1.89,3,466,0,133,163,170,3163,26,314,533,729,78,916,567,2823,1483,20.5,4.8,13.1,10.4,8.5,12.3,10.4,13.8,3.8,2.5,37985,37985,1729,856,873,57,135,102,80,110,389,238,242,95,102,89,80,10,34.7,17031071700,659,2.61,3.08,160,32,23,26,79,1245,0,4,81,121,39,564,436,1241,1000,0,1.7,1.2,3.6,2.6,11.4,7.6,19.7,17.6,34.6,162054,162054,10100,71700,,,,,,,,20193.34136,4746.405618,10800.08397,4646.851771,5129.537088,7446.42661,7617.37766,1667.275533,971.4042006,271.5104908,523.9146879,175.9790218,154.8615392,183.0181827,633.5244786,84.46993049,9079.511933,1994.093716,4582.493729,2502.924488,2668.847566,3633.212605,2777.451762,713.9720315,109.6097907,19.1062938,60.33566463,30.16783232,34.19020996,42.23496524,33.18461555,13.07272734
81,17031010100,17031071800,2,26,1614,10.2,17.5,2,2.55,22.05,1,0,1,1,4522,2301,2221,384,253,240,51,431,845,761,552,543,210,192,18,42,35.3,2316,1.89,3,466,0,133,163,170,3163,26,314,533,729,78,916,567,2823,1483,20.5,4.8,13.1,10.4,8.5,12.3,10.4,13.8,3.8,2.5,37985,37985,2741,1365,1376,218,157,157,95,106,718,351,331,173,224,162,22,27,32.9,17031071800,1120,2.45,3.01,125,19,9,0,97,2008,40,18,136,138,12,957,707,1950,1664,6.4,1.5,1.3,2,5,5,9.9,20.4,12.4,36.2,141806,141806,10100,71800,,,,,,,,20193.34136,4746.405618,10800.08397,4646.851771,5129.537088,7446.42661,7617.37766,1667.275533,1292.188818,358.9972046,681.7930103,251.3986026,174.9734274,211.1748262,906.0405639,88.49230813,9079.511933,1994.093716,4582.493729,2502.924488,2668.847566,3633.212605,2777.451762,713.9720315,565.1440587,214.1916094,271.5104908,79.44195843,137.7664342,244.3594418,183.0181827,354.9748269
82,17031010100,17031080202,1,18,1340,9.1,15,2,2.55,19.55,1,0,1,1,4522,2301,2221,384,253,240,51,431,845,761,552,543,210,192,18,42,35.3,2316,1.89,3,466,0,133,163,170,3163,26,314,533,729,78,916,567,2823,1483,20.5,4.8,13.1,10.4,8.5,12.3,10.4,13.8,3.8,2.5,37985,37985,3302,1425,1877,105,55,32,35,232,1232,390,339,155,193,358,146,30,34.3,17031080202,2238,1.48,2.48,248,0,16,86,146,2843,15,24,68,164,48,1254,1270,2804,2524,9,2.1,4.3,2.9,6.3,17.4,17.3,12.5,12.8,15.3,83806,83806,10100,80202,,,,,,,,20193.34136,4746.405618,10800.08397,4646.851771,5129.537088,7446.42661,7617.37766,1667.275533,2228.397214,752.1846191,1052.857348,423.3552468,236.3146865,255.4209803,1736.661547,163.9118889,9079.511933,1994.093716,4582.493729,2502.924488,2668.847566,3633.212605,2777.451762,713.9720315,1244.92588,375.0867151,651.625178,218.2139871,280.5608405,500.7860165,463.5790233,465.5902121
83,17031010100,17031080300,2,13,1606,10,16.25,0,1.275,17.525,0.5,0.5,1.5,1,4522,2301,2221,384,253,240,51,431,845,761,552,543,210,192,18,42,35.3,2316,1.89,3,466,0,133,163,170,3163,26,314,533,729,78,916,567,2823,1483,20.5,4.8,13.1,10.4,8.5,12.3,10.4,13.8,3.8,2.5,37985,37985,4770,2342,2428,350,193,41,0,187,2125,802,449,212,124,142,145,0,31.4,17031080300,2840,1.68,2.49,187,0,0,54,133,3999,14,119,96,208,25,1839,1698,3866,3537,3.2,1,0.9,2.7,5.4,7.1,13.9,24.3,16.2,25.5,122479,122479,10100,80300,,,,,,,,20193.34136,4746.405618,10800.08397,4646.851771,5129.537088,7446.42661,7617.37766,1667.275533,3133.432183,1083.02518,1706.493715,343.9132884,299.6671343,365.030771,2468.734278,231.2867144,9079.511933,1994.093716,4582.493729,2502.924488,2668.847566,3633.212605,2777.451762,713.9720315,2675.886726,868.8335707,1405.820986,401.2321698,931.1804242,857.7720322,886.9342701,768.2741297
84,17031010100,17031081000,1.5,16,1574.5,9.45,16.25,1.5,2.55,20.3,1,0,1,1,4522,2301,2221,384,253,240,51,431,845,761,552,543,210,192,18,42,35.3,2316,1.89,3,466,0,133,163,170,3163,26,314,533,729,78,916,567,2823,1483,20.5,4.8,13.1,10.4,8.5,12.3,10.4,13.8,3.8,2.5,37985,37985,7439,3582,3857,58,70,45,532,1091,2512,391,579,161,477,887,508,128,32,17031081000,4381,1.34,2.33,1578,0,308,844,426,5643,157,293,659,778,203,2031,1522,5193,3553,17.4,5.8,6.2,7.2,5.2,18.9,12.5,15.6,4.1,7,60566,60566,10100,81000,,,,,,,,20193.34136,4746.405618,10800.08397,4646.851771,5129.537088,7446.42661,7617.37766,1667.275533,3916.790229,1528.503504,1842.24896,546.0377649,511.847555,608.3846184,2796.558056,331.8461555,9079.511933,1994.093716,4582.493729,2502.924488,2668.847566,3633.212605,2777.451762,713.9720315,3649.302116,1400.793014,1639.118889,609.3902128,1179.562244,1187.606999,1282.132873,394.1930089
85,17031010100,17031081100,1,1,2048,9.8,20,0,2.5,22.5,1,0,1,1,4522,2301,2221,384,253,240,51,431,845,761,552,543,210,192,18,42,35.3,2316,1.89,3,466,0,133,163,170,3163,26,314,533,729,78,916,567,2823,1483,20.5,4.8,13.1,10.4,8.5,12.3,10.4,13.8,3.8,2.5,37985,37985,4092,1894,2198,188,17,16,49,419,1438,783,458,100,178,293,152,1,34.2,17031081100,2758,1.48,2.17,468,0,10,124,334,3403,2,82,77,500,246,1490,1006,3319,2496,13.9,6.1,1.7,4.7,7.1,14,14.2,19.5,8.2,10.6,77267,77267,10100,81100,,,,,,,,20193.34136,4746.405618,10800.08397,4646.851771,5129.537088,7446.42661,7617.37766,1667.275533,2275.660151,845.7048993,1101.12588,328.8293722,297.6559455,332.8517499,1645.152456,205.1412598,9079.511933,1994.093716,4582.493729,2502.924488,2668.847566,3633.212605,2777.451762,713.9720315,3271.198617,1346.490916,1520.458749,404.248953,1719.566442,906.0405639,645.5916116,1280.121685
86,17031010100,17031081201,1.5,19.5,1610,9.75,17.5,0,2.55,20.05,1,0,1,1,4522,2301,2221,384,253,240,51,431,845,761,552,543,210,192,18,42,35.3,2316,1.89,3,466,0,133,163,170,3163,26,314,533,729,78,916,567,2823,1483,20.5,4.8,13.1,10.4,8.5,12.3,10.4,13.8,3.8,2.5,37985,37985,4500,1992,2508,132,17,0,176,498,1146,478,244,345,301,597,378,188,40.6,17031081201,2901,1.41,2.23,674,0,107,288,279,3677,0,0,89,380,119,1695,1394,3677,3089,2.7,3.3,2.8,1.8,5.6,21,15,16.1,8.4,23.4,98186,98186,10100,81201,,,,,,,,20193.34136,4746.405618,10800.08397,4646.851771,5129.537088,7446.42661,7617.37766,1667.275533,2338.007005,749.1678359,1132.299306,456.5398624,249.3874138,301.6783232,1786.941268,188.0461548,9079.511933,1994.093716,4582.493729,2502.924488,2668.847566,3633.212605,2777.451762,713.9720315,10689.46858,3725.727291,5333.672754,1630.068539,2834.770643,3525.614003,4329.083937,3008.738476
87,17031010100,17031081202,2,21,1464,9.2,15,2,2.55,19.55,1,0,1,1,4522,2301,2221,384,253,240,51,431,845,761,552,543,210,192,18,42,35.3,2316,1.89,3,466,0,133,163,170,3163,26,314,533,729,78,916,567,2823,1483,20.5,4.8,13.1,10.4,8.5,12.3,10.4,13.8,3.8,2.5,37985,37985,2951,1359,1592,97,48,33,30,69,476,322,283,301,251,591,240,210,57.2,17031081202,1735,1.7,2.39,69,0,10,14,45,2674,10,12,112,325,120,1037,1058,2652,2095,2.1,1.8,2.1,4.7,5.9,13.7,8.3,18,5.7,37.6,133079,133079,10100,81202,,,,,,,,20193.34136,4746.405618,10800.08397,4646.851771,5129.537088,7446.42661,7617.37766,1667.275533,1536.548259,356.9860157,706.9328706,472.629373,220.2251759,250.3930082,1065.930075,115.6433572,9079.511933,1994.093716,4582.493729,2502.924488,2668.847566,3633.212605,2777.451762,713.9720315,1482.246161,362.0139878,756.2069967,364.0251766,350.9524493,603.3566463,527.9370655,985.4825223
88,17031010100,17031081300,1.333333333,17,1364,9.733333333,14.16666667,0,1.7,15.86666667,0.666666667,0.333333333,1.333333333,1,4522,2301,2221,384,253,240,51,431,845,761,552,543,210,192,18,42,35.3,2316,1.89,3,466,0,133,163,170,3163,26,314,533,729,78,916,567,2823,1483,20.5,4.8,13.1,10.4,8.5,12.3,10.4,13.8,3.8,2.5,37985,37985,5313,2118,3195,42,51,132,51,258,841,493,511,421,579,1098,678,158,57.9,17031081300,3411,1.56,2.24,277,0,31,47,199,4779,15,17,180,516,159,1582,2310,4747,3892,11.1,3.4,5.7,6,5.6,12.7,12.8,15.8,7,20,84223,84223,10100,81300,,,,,,,,20193.34136,4746.405618,10800.08397,4646.851771,5129.537088,7446.42661,7617.37766,1667.275533,2648.735677,680.7874159,1347.49651,620.4517513,325.812589,379.1090928,1943.813996,203.1300709,9079.511933,1994.093716,4582.493729,2502.924488,2668.847566,3633.212605,2777.451762,713.9720315,11441.6532,3620.139878,6010.437792,1811.075533,2359.124487,3474.328688,5608.200028,2941.363651
89,17031010100,17031081401,1,23.66666667,1464.833333,9.833333333,15.41666667,0,2.55,17.96666667,1,0.333333333,1.666666667,1,4522,2301,2221,384,253,240,51,431,845,761,552,543,210,192,18,42,35.3,2316,1.89,3,466,0,133,163,170,3163,26,314,533,729,78,916,567,2823,1483,20.5,4.8,13.1,10.4,8.5,12.3,10.4,13.8,3.8,2.5,37985,37985,2342,979,1363,25,25,30,23,227,542,132,233,153,212,288,273,179,51.9,17031081401,1501,1.54,2.16,243,0,8,34,201,2012,0,43,110,339,42,642,836,1969,1478,9.9,3.4,8.6,7.1,6.6,17.7,8.7,10.1,3.1,24.9,67313,67313,10100,81401,,,,,,,,20193.34136,4746.405618,10800.08397,4646.851771,5129.537088,7446.42661,7617.37766,1667.275533,1240.903503,349.9468549,609.3902128,281.566435,151.844756,160.8951057,928.1636409,91.50909136,9079.511933,1994.093716,4582.493729,2502.924488,2668.847566,3633.212605,2777.451762,713.9720315,28320.55538,6694.241991,16216.21546,5410.097929,2909.18463,6389.546885,19021.82387,1293.194412
90,17031010100,17031081402,2,4,1397,10.4,17.5,0,2.55,20.05,1,0,1,1,4522,2301,2221,384,253,240,51,431,845,761,552,543,210,192,18,42,35.3,2316,1.89,3,466,0,133,163,170,3163,26,314,533,729,78,916,567,2823,1483,20.5,4.8,13.1,10.4,8.5,12.3,10.4,13.8,3.8,2.5,37985,37985,5325,2537,2788,336,49,43,159,235,1598,559,474,563,386,648,242,33,37.4,17031081402,3157,1.69,2.38,358,56,10,120,172,4503,0,43,67,286,251,1654,2202,4460,3856,7.8,1.6,4,4.7,8.5,10.1,8.4,12.6,12.3,29.9,111970,111970,10100,81402,,,,,,,,20193.34136,4746.405618,10800.08397,4646.851771,5129.537088,7446.42661,7617.37766,1667.275533,2943.37484,807.4923117,1605.934274,529.9482544,226.2587424,341.9020996,2375.213998,192.0685324,9079.511933,1994.093716,4582.493729,2502.924488,2668.847566,3633.212605,2777.451762,713.9720315,3027.84477,1182.579027,1363.586021,481.6797227,1027.717488,1152.411194,847.7160881,906.0405639
91,17031010100,17031081403,1.5,19,1477.5,10.4,13.75,2.5,0,16.25,0,1,2,1,4522,2301,2221,384,253,240,51,431,845,761,552,543,210,192,18,42,35.3,2316,1.89,3,466,0,133,163,170,3163,26,314,533,729,78,916,567,2823,1483,20.5,4.8,13.1,10.4,8.5,12.3,10.4,13.8,3.8,2.5,37985,37985,8046,4494,3552,188,39,158,0,888,3296,1098,664,417,532,624,142,0,33.2,17031081403,5359,1.5,2.21,888,0,0,122,766,6773,0,0,306,403,143,2651,3270,6773,5921,10.1,2.2,2,3.8,3.2,9.6,10.4,17.4,17.4,23.9,121318,121318,10100,81403,,,,,,,,20193.34136,4746.405618,10800.08397,4646.851771,5129.537088,7446.42661,7617.37766,1667.275533,4530.20282,1332.412594,2470.745467,727.0447588,366.0363654,490.7300723,3673.436382,277.5440573,9079.511933,1994.093716,4582.493729,2502.924488,2668.847566,3633.212605,2777.451762,713.9720315,17190.63645,4253.664357,9745.215433,3191.756659,3292.3161,4265.73149,9632.588859,2776.446168
92,17031010100,17031081500,1.6,13.8,1799.6,10.7,15.5,0,2.04,17.54,0.6,0.4,1.4,1,4522,2301,2221,384,253,240,51,431,845,761,552,543,210,192,18,42,35.3,2316,1.89,3,466,0,133,163,170,3163,26,314,533,729,78,916,567,2823,1483,20.5,4.8,13.1,10.4,8.5,12.3,10.4,13.8,3.8,2.5,37985,37985,4585,2100,2485,128,0,8,26,266,1674,799,383,340,330,412,181,38,36.2,17031081500,3076,1.48,2.25,284,0,0,61,223,4157,42,0,271,210,0,1593,2041,4115,3634,9.1,2.7,5.4,1.6,6,13,8,16.5,10.6,27.1,103664,103664,10100,81500,,,,,,,,20193.34136,4746.405618,10800.08397,4646.851771,5129.537088,7446.42661,7617.37766,1667.275533,2926.279735,911.068536,1568.72728,446.4839183,249.3874138,340.8965052,2335.995816,192.0685324,9079.511933,1994.093716,4582.493729,2502.924488,2668.847566,3633.212605,2777.451762,713.9720315,28856.5372,8176.488152,15412.74553,5267.303522,4999.815409,9384.207039,14472.51476,5971.21961
93,17031010100,17031081600,1.75,15.5,1620.125,11.3125,18.75,0.125,2.5775,21.4525,1.25,0,1.25,1,4522,2301,2221,384,253,240,51,431,845,761,552,543,210,192,18,42,35.3,2316,1.89,3,466,0,133,163,170,3163,26,314,533,729,78,916,567,2823,1483,20.5,4.8,13.1,10.4,8.5,12.3,10.4,13.8,3.8,2.5,37985,37985,4000,2032,1968,225,39,69,0,282,1709,553,579,125,85,190,144,0,33.5,17031081600,2663,1.5,2.45,282,0,0,96,186,3385,0,22,123,290,62,1431,1457,3363,2888,7,2.1,5.1,1.9,2,12.9,13.1,22.2,12,21.7,116897,116897,10100,81600,,,,,,,,20193.34136,4746.405618,10800.08397,4646.851771,5129.537088,7446.42661,7617.37766,1667.275533,2472.756656,821.5706334,1343.474132,307.7118896,232.2923088,273.5216797,1966.942667,167.9342666,9079.511933,1994.093716,4582.493729,2502.924488,2668.847566,3633.212605,2777.451762,713.9720315,5802.279749,1976.998611,3039.911903,785.3692346,1420.904902,2365.158054,2016.216793,3185.723093
94,17031010100,17031081700,1.5,11.16666667,1627.833333,10.65,18.75,1.666666667,2.175,22.59166667,0.833333333,0.166666667,1.333333333,1,4522,2301,2221,384,253,240,51,431,845,761,552,543,210,192,18,42,35.3,2316,1.89,3,466,0,133,163,170,3163,26,314,533,729,78,916,567,2823,1483,20.5,4.8,13.1,10.4,8.5,12.3,10.4,13.8,3.8,2.5,37985,37985,3831,1865,1966,122,0,0,24,344,1847,555,328,203,211,91,74,32,31.8,17031081700,2533,1.51,2.32,344,0,13,18,313,3341,17,44,74,214,45,1532,1415,3280,2947,6,3.2,2.4,3.9,5.3,15,13.2,18.2,11.4,21.4,100708,100708,10100,81700,,,,,,,,20193.34136,4746.405618,10800.08397,4646.851771,5129.537088,7446.42661,7617.37766,1667.275533,2551.19302,907.0461583,1380.681126,263.4657356,213.186015,278.5496517,2059.457353,189.0517492,9079.511933,1994.093716,4582.493729,2502.924488,2668.847566,3633.212605,2777.451762,713.9720315,22090.89801,6251.78045,12613.17069,3225.946869,2650.746866,5331.661565,14108.48958,5518.702125
95,17031010100,17031081800,2,15,1841,10.6,23.75,0,2.7,26.45,2,0,2,1,4522,2301,2221,384,253,240,51,431,845,761,552,543,210,192,18,42,35.3,2316,1.89,3,466,0,133,163,170,3163,26,314,533,729,78,916,567,2823,1483,20.5,4.8,13.1,10.4,8.5,12.3,10.4,13.8,3.8,2.5,37985,37985,9919,5130,4789,716,227,0,33,399,4000,2035,1180,462,324,468,75,0,33.5,17031081800,6215,1.6,2.56,432,0,33,46,353,8544,0,0,323,477,170,4548,3026,8544,7574,2.5,0,3.2,3,3.5,11.3,12.9,20.5,8.7,34.4,128243,128243,10100,81800,,,,,,,,20193.34136,4746.405618,10800.08397,4646.851771,5129.537088,7446.42661,7617.37766,1667.275533,6228.651779,1865.377632,3725.727291,637.5468563,418.3272748,506.8195829,5303.504921,362.0139878,9079.511933,1994.093716,4582.493729,2502.924488,2668.847566,3633.212605,2777.451762,713.9720315,32321.81554,7314.693742,19623.16933,5383.952474,2924.268546,6752.566467,22644.98053,2346.05176
96,17031010100,17031110501,2,12.75,1330,8.225,14.375,0,2.55,16.925,0.75,0.25,1.25,1,4522,2301,2221,384,253,240,51,431,845,761,552,543,210,192,18,42,35.3,2316,1.89,3,466,0,133,163,170,3163,26,314,533,729,78,916,567,2823,1483,20.5,4.8,13.1,10.4,8.5,12.3,10.4,13.8,3.8,2.5,37985,37985,5390,2713,2677,243,201,472,285,238,800,744,893,406,403,462,127,116,41.1,17031110501,1794,3,3.56,304,37,23,205,39,3951,242,218,967,683,256,1066,519,3491,1585,2.1,2.2,4,5.6,12.7,13.9,19.7,24.2,10.4,5.2,86512,86512,10100,110501,,,,,,,,20193.34136,4746.405618,10800.08397,4646.851771,5129.537088,7446.42661,7617.37766,1667.275533,2431.527285,459.5566456,1382.692314,589.2783246,525.9258767,702.910493,1202.690915,215.1972039,9079.511933,1994.093716,4582.493729,2502.924488,2668.847566,3633.212605,2777.451762,713.9720315,801.4587452,121.6769237,494.75245,185.0293715,99.55384664,335.8685331,366.0363654,11.06153852
97,17031010100,17031110502,1,15,1452,8.9,15,0,2.55,17.55,1,0,1,1,4522,2301,2221,384,253,240,51,431,845,761,552,543,210,192,18,42,35.3,2316,1.89,3,466,0,133,163,170,3163,26,314,533,729,78,916,567,2823,1483,20.5,4.8,13.1,10.4,8.5,12.3,10.4,13.8,3.8,2.5,37985,37985,3612,1712,1900,425,88,117,102,102,895,510,500,241,89,240,257,46,36,17031110502,1539,2.35,3.3,163,0,80,83,0,2778,87,212,794,438,235,777,235,2479,1012,5.2,0.9,7.2,10.2,13.4,24.2,10,16.8,8.6,3.4,59875,59875,10100,110502,,,,,,,,20193.34136,4746.405618,10800.08397,4646.851771,5129.537088,7446.42661,7617.37766,1667.275533,1643.141267,329.8349667,942.2419627,371.0643375,301.6783232,518.8867158,822.5762278,138.7720287,9079.511933,1994.093716,4582.493729,2502.924488,2668.847566,3633.212605,2777.451762,713.9720315,1253.97623,274.5272741,713.9720315,265.4769244,267.4881132,426.3720301,560.1160867,120.6713293
98,17031010100,17031130100,1,14,1155,4.566666667,10,0,2.533333333,12.53333333,1,0,1,1,4522,2301,2221,384,253,240,51,431,845,761,552,543,210,192,18,42,35.3,2316,1.89,3,466,0,133,163,170,3163,26,314,533,729,78,916,567,2823,1483,20.5,4.8,13.1,10.4,8.5,12.3,10.4,13.8,3.8,2.5,37985,37985,5228,2433,2795,344,373,407,233,161,353,528,477,316,239,686,635,476,50,17031130100,1935,2.55,3.59,182,0,74,66,42,3710,132,266,810,556,145,1157,644,3312,1801,13.3,6.9,17.2,8.6,10.6,8.6,8,10.5,6.3,10,43438,43438,10100,130100,,,,,,,,20193.34136,4746.405618,10800.08397,4646.851771,5129.537088,7446.42661,7617.37766,1667.275533,1802.025184,313.7454561,933.191613,555.0881146,405.2545474,530.9538488,865.8167875,168.939861,9079.511933,1994.093716,4582.493729,2502.924488,2668.847566,3633.212605,2777.451762,713.9720315,2190.184626,518.8867158,1171.517488,499.780422,927.1580465,742.128675,520.8979047,185.0293715
99,17031010100,17031130300,1.5,25,1242.5,5.65,8.75,0.5,2.55,11.8,0.5,0.5,2,1,4522,2301,2221,384,253,240,51,431,845,761,552,543,210,192,18,42,35.3,2316,1.89,3,466,0,133,163,170,3163,26,314,533,729,78,916,567,2823,1483,20.5,4.8,13.1,10.4,8.5,12.3,10.4,13.8,3.8,2.5,37985,37985,5482,2654,2828,379,271,277,397,628,891,712,792,320,234,370,131,80,33.9,17031130300,1790,3.06,3.74,736,92,283,293,68,3530,376,269,644,687,114,992,448,2885,1440,6.4,2,11.5,7.9,14.1,17.7,11.7,14.7,9.3,4.9,56882,56882,10100,130300,,,,,,,,20193.34136,4746.405618,10800.08397,4646.851771,5129.537088,7446.42661,7617.37766,1667.275533,2097.66994,508.8307717,1183.584621,405.2545474,499.780422,721.0111924,876.878326,242.3482529,9079.511933,1994.093716,4582.493729,2502.924488,2668.847566,3633.212605,2777.451762,713.9720315,513.8587438,98.54825223,271.5104908,143.8000007,246.3706306,178.9958051,88.49230813,69.38601433
