,GEOID,CTA_STOPS,METRA_STOPS,PACE_STOPS,TRANSIT_STOPS
0,17031010100,2.0,0.0,0.0,2.0
1,17031010201,4.0,0.0,7.0,11.0
2,17031010202,20.0,0.0,8.0,28.0
3,17031010300,17.0,0.0,0.0,17.0
4,17031010400,11.0,0.0,0.0,11.0
5,17031010501,9.0,0.0,0.0,9.0
6,17031010502,5.0,0.0,0.0,5.0
7,17031010503,8.0,0.0,0.0,8.0
8,17031010600,13.0,0.0,0.0,13.0
9,17031010701,7.0,1.0,0.0,8.0
10,17031010702,13.0,0.0,0.0,13.0
11,17031020100,7.0,0.0,6.0,13.0
12,17031020200,23.0,0.0,18.0,41.0
13,17031020301,15.0,0.0,5.0,20.0
14,17031020302,15.0,0.0,4.0,19.0
15,17031020400,12.0,0.0,2.0,14.0
16,17031020500,11.0,0.0,0.0,11.0
17,17031020601,12.0,0.0,0.0,12.0
18,17031020602,6.0,0.0,0.0,6.0
19,17031020701,22.0,0.0,0.0,22.0
20,17031020702,17.0,0.0,0.0,17.0
21,17031020801,14.0,0.0,0.0,14.0
22,17031020802,17.0,0.0,0.0,17.0
23,17031020901,10.0,0.0,0.0,10.0
24,17031020902,5.0,0.0,0.0,5.0
25,17031030101,6.0,0.0,0.0,6.0
26,17031030102,7.0,0.0,0.0,7.0
27,17031030103,3.0,0.0,0.0,3.0
28,17031030104,4.0,0.0,0.0,4.0
29,17031030200,13.0,0.0,0.0,13.0
30,17031030300,6.0,0.0,0.0,6.0
31,17031030400,10.0,0.0,0.0,10.0
32,17031030500,18.0,0.0,0.0,18.0
33,17031030601,4.0,0.0,0.0,4.0
34,17031030603,3.0,0.0,0.0,3.0
35,17031030604,4.0,0.0,0.0,4.0
36,17031030701,4.0,0.0,0.0,4.0
37,17031030702,2.0,0.0,0.0,2.0
38,17031030703,12.0,0.0,0.0,12.0
39,17031030706,9.0,0.0,0.0,9.0
40,17031030800,9.0,0.0,0.0,9.0
41,17031030900,18.0,0.0,0.0,18.0
42,17031031000,9.0,0.0,0.0,9.0
43,17031031100,12.0,0.0,0.0,12.0
44,17031031200,16.0,0.0,0.0,16.0
45,17031031300,21.0,0.0,0.0,21.0
46,17031031400,32.0,0.0,0.0,32.0
47,17031031501,4.0,0.0,0.0,4.0
48,17031031502,9.0,0.0,0.0,9.0
49,17031031700,12.0,0.0,0.0,12.0
50,17031031800,6.0,0.0,0.0,6.0
51,17031031900,7.0,0.0,0.0,7.0
52,17031032100,24.0,0.0,0.0,24.0
53,17031040100,18.0,0.0,0.0,18.0
54,17031040201,25.0,0.0,0.0,25.0
55,17031040202,18.0,0.0,0.0,18.0
56,17031040300,9.0,0.0,0.0,9.0
57,17031040401,7.0,0.0,0.0,7.0
58,17031040402,15.0,0.0,0.0,15.0
59,17031040600,14.0,0.0,0.0,14.0
60,17031040700,11.0,0.0,0.0,11.0
61,17031040800,4.0,0.0,0.0,4.0
62,17031040900,10.0,0.0,0.0,10.0
63,17031050100,13.0,0.0,0.0,13.0
64,17031050200,14.0,0.0,0.0,14.0
65,17031050300,6.0,0.0,0.0,6.0
66,17031050500,15.0,0.0,0.0,15.0
67,17031050600,11.0,0.0,0.0,11.0
68,17031050700,4.0,0.0,0.0,4.0
69,17031050800,4.0,0.0,0.0,4.0
70,17031050900,3.0,0.0,0.0,3.0
71,17031051000,3.0,0.0,0.0,3.0
72,17031051100,5.0,0.0,0.0,5.0
73,17031051200,4.0,0.0,0.0,4.0
74,17031051300,9.0,0.0,0.0,9.0
75,17031051400,6.0,0.0,0.0,6.0
76,17031060100,7.0,0.0,0.0,7.0
77,17031060200,4.0,0.0,0.0,4.0
78,17031060300,6.0,0.0,0.0,6.0
79,17031060400,7.0,0.0,0.0,7.0
80,17031060500,6.0,0.0,0.0,6.0
81,17031060800,10.0,0.0,0.0,10.0
82,17031060900,21.0,0.0,0.0,21.0
83,17031061000,5.0,0.0,0.0,5.0
84,17031061100,4.0,0.0,0.0,4.0
85,17031061200,3.0,0.0,0.0,3.0
86,17031061500,4.0,0.0,0.0,4.0
87,17031061800,6.0,0.0,0.0,6.0
88,17031061901,5.0,0.0,0.0,5.0
89,17031061902,10.0,0.0,0.0,10.0
90,17031062000,7.0,0.0,0.0,7.0
91,17031062100,9.0,0.0,0.0,9.0
92,17031062200,1.0,0.0,0.0,1.0
93,17031062300,3.0,0.0,0.0,3.0
94,17031062400,2.0,0.0,0.0,2.0
95,17031062500,3.0,0.0,0.0,3.0
96,17031062600,4.0,0.0,0.0,4.0
97,17031062700,8.0,0.0,0.0,8.0
98,17031062800,4.0,0.0,0.0,4.0
99,17031062900,2.0,0.0,0.0,2.0
100,17031063000,22.0,0.0,0.0,22.0
101,17031063100,10.0,0.0,0.0,10.0
102,17031063200,14.0,0.0,0.0,14.0
103,17031063301,3.0,0.0,0.0,3.0
104,17031063302,8.0,0.0,0.0,8.0
105,17031063303,2.0,0.0,0.0,2.0
106,17031063400,8.0,0.0,0.0,8.0
107,17031070101,10.0,0.0,0.0,10.0
108,17031070102,3.0,0.0,0.0,3.0
109,17031070103,2.0,0.0,0.0,2.0
110,17031070200,10.0,0.0,0.0,10.0
111,17031070300,9.0,0.0,0.0,9.0
112,17031070400,4.0,0.0,0.0,4.0
113,17031070500,3.0,0.0,0.0,3.0
114,17031070600,5.0,0.0,0.0,5.0
115,17031070700,12.0,0.0,0.0,12.0
116,17031071000,2.0,0.0,0.0,2.0
117,17031071100,17.0,0.0,0.0,17.0
118,17031071200,12.0,0.0,0.0,12.0
119,17031071300,7.0,0.0,0.0,7.0
120,17031071400,16.0,0.0,0.0,16.0
121,17031071500,24.0,0.0,0.0,24.0
122,17031071600,4.0,0.0,0.0,4.0
123,17031071700,2.0,0.0,0.0,2.0
124,17031071800,8.0,0.0,0.0,8.0
125,17031080100,12.0,0.0,0.0,12.0
126,17031080201,7.0,0.0,0.0,7.0
127,17031080202,15.0,0.0,0.0,15.0
128,17031080300,13.0,0.0,0.0,13.0
129,17031080400,10.0,0.0,0.0,10.0
130,17031081000,28.0,0.0,0.0,28.0
131,17031081100,6.0,0.0,0.0,6.0
132,17031081201,7.0,0.0,0.0,7.0
133,17031081202,8.0,0.0,0.0,8.0
134,17031081300,11.0,0.0,0.0,11.0
135,17031081401,13.0,0.0,0.0,13.0
136,17031081402,10.0,0.0,0.0,10.0
137,17031081403,16.0,0.0,4.0,20.0
138,17031081500,27.0,0.0,2.0,29.0
139,17031081600,14.0,0.0,0.0,14.0
140,17031081700,23.0,0.0,0.0,23.0
141,17031081800,25.0,0.0,0.0,25.0
142,17031081900,3.0,0.0,0.0,3.0
143,17031090200,15.0,1.0,18.0,34.0
144,17031090300,1.0,0.0,4.0,5.0
145,17031100100,11.0,0.0,12.0,23.0
146,17031100200,28.0,1.0,8.0,37.0
147,17031100300,15.0,0.0,11.0,26.0
148,17031100400,6.0,0.0,12.0,18.0
149,17031100500,15.0,0.0,10.0,25.0
150,17031100600,25.0,0.0,0.0,25.0
151,17031100700,8.0,0.0,0.0,8.0
152,17031110100,9.0,1.0,15.0,25.0
153,17031110200,15.0,0.0,9.0,24.0
154,17031110300,24.0,0.0,0.0,24.0
155,17031110400,13.0,1.0,5.0,19.0
156,17031110501,12.0,0.0,5.0,17.0
157,17031110502,25.0,1.0,4.0,30.0
158,17031120100,43.0,0.0,15.0,58.0
159,17031120200,18.0,1.0,18.0,37.0
160,17031120300,20.0,0.0,0.0,20.0
161,17031120400,14.0,0.0,0.0,14.0
162,17031130100,27.0,0.0,4.0,31.0
163,17031130200,21.0,0.0,0.0,21.0
164,17031130300,12.0,0.0,0.0,12.0
165,17031140100,7.0,0.0,0.0,7.0
166,17031140200,5.0,0.0,0.0,5.0
167,17031140301,6.0,0.0,0.0,6.0
168,17031140302,5.0,0.0,0.0,5.0
169,17031140400,22.0,0.0,0.0,22.0
170,17031140500,9.0,0.0,0.0,9.0
171,17031140601,8.0,0.0,0.0,8.0
172,17031140602,5.0,0.0,0.0,5.0
173,17031140701,16.0,0.0,0.0,16.0
174,17031140702,8.0,0.0,0.0,8.0
175,17031140800,10.0,0.0,0.0,10.0
176,17031150200,36.0,0.0,0.0,36.0
177,17031150300,32.0,0.0,0.0,32.0
178,17031150401,22.0,0.0,0.0,22.0
179,17031150402,17.0,0.0,0.0,17.0
180,17031150501,11.0,0.0,0.0,11.0
181,17031150502,18.0,0.0,0.0,18.0
182,17031150600,15.0,0.0,0.0,15.0
183,17031150700,10.0,0.0,0.0,10.0
184,17031150800,14.0,0.0,0.0,14.0
185,17031151001,4.0,0.0,0.0,4.0
186,17031151002,14.0,0.0,0.0,14.0
187,17031151100,14.0,0.0,0.0,14.0
188,17031151200,18.0,0.0,0.0,18.0
189,17031160100,9.0,0.0,0.0,9.0
190,17031160200,11.0,1.0,0.0,12.0
191,17031160300,12.0,0.0,0.0,12.0
192,17031160400,13.0,0.0,0.0,13.0
193,17031160501,9.0,0.0,0.0,9.0
194,17031160502,6.0,0.0,0.0,6.0
195,17031160601,3.0,0.0,0.0,3.0
196,17031160602,8.0,0.0,0.0,8.0
197,17031160700,12.0,0.0,0.0,12.0
198,17031160800,13.0,0.0,0.0,13.0
199,17031160900,17.0,0.0,0.0,17.0
200,17031161000,13.0,1.0,0.0,14.0
201,17031161100,17.0,1.0,0.0,18.0
202,17031161200,5.0,0.0,0.0,5.0
203,17031161300,16.0,0.0,0.0,16.0
204,17031170100,25.0,0.0,0.0,25.0
205,17031170200,17.0,0.0,0.0,17.0
206,17031170300,22.0,0.0,0.0,22.0
207,17031170400,12.0,0.0,3.0,15.0
208,17031170500,17.0,0.0,16.0,33.0
209,17031170600,7.0,0.0,0.0,7.0
210,17031170700,8.0,0.0,0.0,8.0
211,17031170800,12.0,0.0,0.0,12.0
212,17031170900,6.0,0.0,0.0,6.0
213,17031171000,23.0,0.0,0.0,23.0
214,17031171100,14.0,0.0,0.0,14.0
215,17031180100,19.0,0.0,0.0,19.0
216,17031190100,10.0,0.0,0.0,10.0
217,17031190200,13.0,0.0,0.0,13.0
218,17031190300,11.0,0.0,0.0,11.0
219,17031190401,18.0,0.0,0.0,18.0
220,17031190402,16.0,0.0,0.0,16.0
221,17031190601,18.0,0.0,0.0,18.0
222,17031190602,15.0,0.0,0.0,15.0
223,17031190701,6.0,0.0,0.0,6.0
224,17031190702,5.0,0.0,0.0,5.0
225,17031190800,12.0,0.0,0.0,12.0
226,17031190900,6.0,0.0,0.0,6.0
227,17031191000,11.0,0.0,0.0,11.0
228,17031191100,23.0,0.0,0.0,23.0
229,17031191200,21.0,0.0,0.0,21.0
230,17031191301,20.0,0.0,0.0,20.0
231,17031191302,18.0,1.0,0.0,19.0
232,17031200100,6.0,0.0,0.0,6.0
233,17031200200,12.0,0.0,0.0,12.0
234,17031200300,10.0,0.0,0.0,10.0
235,17031200401,3.0,0.0,0.0,3.0
236,17031200402,9.0,0.0,0.0,9.0
237,17031210100,16.0,0.0,0.0,16.0
238,17031210400,9.0,0.0,0.0,9.0
239,17031210501,14.0,0.0,0.0,14.0
240,17031210502,7.0,0.0,0.0,7.0
241,17031210601,11.0,0.0,0.0,11.0
242,17031210602,15.0,0.0,0.0,15.0
243,17031210700,6.0,0.0,0.0,6.0
244,17031210800,5.0,0.0,0.0,5.0
245,17031210900,10.0,0.0,0.0,10.0
246,17031220300,7.0,0.0,0.0,7.0
247,17031220400,10.0,0.0,0.0,10.0
248,17031220500,7.0,0.0,0.0,7.0
249,17031220601,7.0,0.0,0.0,7.0
250,17031220602,21.0,0.0,0.0,21.0
251,17031220701,3.0,0.0,0.0,3.0
252,17031220702,15.0,1.0,0.0,16.0
253,17031220901,3.0,0.0,0.0,3.0
254,17031220902,6.0,0.0,0.0,6.0
255,17031221000,3.0,0.0,0.0,3.0
256,17031221100,13.0,0.0,0.0,13.0
257,17031221200,5.0,0.0,0.0,5.0
258,17031221300,9.0,0.0,0.0,9.0
259,17031221400,18.0,0.0,0.0,18.0
260,17031221500,9.0,0.0,0.0,9.0
261,17031221600,5.0,0.0,0.0,5.0
262,17031222200,13.0,0.0,0.0,13.0
263,17031222500,5.0,0.0,0.0,5.0
264,17031222600,2.0,0.0,0.0,2.0
265,17031222700,7.0,0.0,0.0,7.0
266,17031222800,1.0,0.0,0.0,1.0
267,17031222900,3.0,0.0,0.0,3.0
268,17031230100,2.0,0.0,0.0,2.0
269,17031230200,8.0,0.0,0.0,8.0
270,17031230300,2.0,0.0,0.0,2.0
271,17031230400,5.0,0.0,0.0,5.0
272,17031230500,15.0,0.0,0.0,15.0
273,17031230600,22.0,0.0,0.0,22.0
274,17031230700,22.0,0.0,0.0,22.0
275,17031230800,2.0,0.0,0.0,2.0
276,17031230900,12.0,0.0,0.0,12.0
277,17031231100,5.0,0.0,0.0,5.0
278,17031231200,12.0,0.0,0.0,12.0
279,17031231500,14.0,0.0,0.0,14.0
280,17031240200,4.0,0.0,0.0,4.0
281,17031240300,2.0,0.0,0.0,2.0
282,17031240500,9.0,0.0,0.0,9.0
283,17031240600,3.0,0.0,0.0,3.0
284,17031240700,4.0,0.0,0.0,4.0
285,17031240800,3.0,0.0,0.0,3.0
286,17031240900,21.0,0.0,0.0,21.0
287,17031241000,3.0,0.0,0.0,3.0
288,17031241100,10.0,0.0,0.0,10.0
289,17031241200,6.0,0.0,0.0,6.0
290,17031241300,1.0,0.0,0.0,1.0
291,17031241400,23.0,0.0,0.0,23.0
292,17031241500,8.0,0.0,0.0,8.0
293,17031241600,7.0,0.0,0.0,7.0
294,17031242000,13.0,0.0,0.0,13.0
295,17031242100,5.0,0.0,0.0,5.0
296,17031242200,6.0,0.0,0.0,6.0
297,17031242300,9.0,0.0,0.0,9.0
298,17031242400,8.0,0.0,0.0,8.0
299,17031242500,7.0,0.0,0.0,7.0
300,17031242600,13.0,0.0,0.0,13.0
301,17031242700,5.0,0.0,0.0,5.0
302,17031242800,16.0,1.0,0.0,17.0
303,17031242900,8.0,0.0,0.0,8.0
304,17031243000,11.0,0.0,0.0,11.0
305,17031243100,10.0,0.0,0.0,10.0
306,17031243200,10.0,0.0,0.0,10.0
307,17031243300,7.0,0.0,0.0,7.0
308,17031243400,5.0,0.0,0.0,5.0
309,17031243500,25.0,0.0,0.0,25.0
310,17031250200,9.0,1.0,0.0,10.0
311,17031250300,7.0,0.0,0.0,7.0
312,17031250400,26.0,0.0,2.0,28.0
313,17031250500,22.0,3.0,12.0,37.0
314,17031250600,15.0,0.0,0.0,15.0
315,17031250700,19.0,0.0,0.0,19.0
316,17031250800,13.0,0.0,0.0,13.0
317,17031251000,12.0,0.0,0.0,12.0
318,17031251100,11.0,0.0,0.0,11.0
319,17031251200,16.0,0.0,0.0,16.0
320,17031251300,18.0,0.0,0.0,18.0
321,17031251400,18.0,0.0,7.0,25.0
322,17031251500,11.0,0.0,0.0,11.0
323,17031251600,7.0,0.0,0.0,7.0
324,17031251700,10.0,0.0,0.0,10.0
325,17031251800,22.0,0.0,10.0,32.0
326,17031251900,15.0,0.0,0.0,15.0
327,17031252000,15.0,0.0,6.0,21.0
328,17031252101,22.0,0.0,4.0,26.0
329,17031252102,30.0,0.0,0.0,30.0
330,17031252201,14.0,0.0,0.0,14.0
331,17031252202,27.0,0.0,16.0,43.0
332,17031260100,9.0,0.0,0.0,9.0
333,17031260200,6.0,0.0,0.0,6.0
334,17031260300,2.0,0.0,0.0,2.0
335,17031260400,2.0,0.0,0.0,2.0
336,17031260500,12.0,0.0,0.0,12.0
337,17031260600,8.0,0.0,0.0,8.0
338,17031260700,17.0,0.0,0.0,17.0
339,17031260800,11.0,0.0,0.0,11.0
340,17031260900,4.0,0.0,0.0,4.0
341,17031261000,7.0,0.0,0.0,7.0
342,17031270500,12.0,0.0,0.0,12.0
343,17031271200,11.0,0.0,0.0,11.0
344,17031271300,24.0,0.0,0.0,24.0
345,17031271400,10.0,0.0,0.0,10.0
346,17031271500,4.0,0.0,0.0,4.0
347,17031271800,5.0,0.0,0.0,5.0
348,17031280100,23.0,1.0,0.0,24.0
349,17031280400,8.0,0.0,0.0,8.0
350,17031280800,8.0,0.0,0.0,8.0
351,17031280900,7.0,0.0,0.0,7.0
352,17031281900,20.0,1.0,1.0,22.0
353,17031282700,14.0,0.0,0.0,14.0
354,17031282800,6.0,0.0,0.0,6.0
355,17031283100,5.0,0.0,0.0,5.0
356,17031283200,8.0,0.0,0.0,8.0
357,17031283800,4.0,0.0,0.0,4.0
358,17031290900,15.0,0.0,0.0,15.0
359,17031291200,12.0,0.0,0.0,12.0
360,17031291600,4.0,0.0,0.0,4.0
361,17031292200,8.0,0.0,0.0,8.0
362,17031292400,9.0,0.0,0.0,9.0
363,17031292500,19.0,0.0,7.0,26.0
364,17031300500,6.0,0.0,2.0,8.0
365,17031300600,10.0,0.0,0.0,10.0
366,17031300700,9.0,0.0,0.0,9.0
367,17031300800,9.0,0.0,0.0,9.0
368,17031300900,6.0,0.0,0.0,6.0
369,17031301100,6.0,0.0,0.0,6.0
370,17031301200,9.0,0.0,0.0,9.0
371,17031301600,3.0,0.0,0.0,3.0
372,17031301701,9.0,0.0,2.0,11.0
373,17031301702,10.0,0.0,3.0,13.0
374,17031301801,7.0,0.0,2.0,9.0
375,17031301802,10.0,0.0,4.0,14.0
376,17031301803,7.0,0.0,10.0,17.0
377,17031310200,4.0,0.0,0.0,4.0
378,17031310300,11.0,0.0,0.0,11.0
379,17031310400,2.0,0.0,0.0,2.0
380,17031310500,3.0,0.0,0.0,3.0
381,17031310600,18.0,0.0,0.0,18.0
382,17031310700,6.0,0.0,0.0,6.0
383,17031310800,12.0,0.0,0.0,12.0
384,17031310900,22.0,0.0,2.0,24.0
385,17031320100,47.0,1.0,4.0,52.0
386,17031320400,29.0,1.0,4.0,34.0
387,17031320600,23.0,1.0,0.0,24.0
388,17031330100,43.0,2.0,0.0,45.0
389,17031330200,21.0,0.0,2.0,23.0
390,17031340300,1.0,0.0,0.0,1.0
391,17031340400,8.0,0.0,0.0,8.0
392,17031340500,14.0,0.0,0.0,14.0
393,17031340600,9.0,0.0,0.0,9.0
394,17031350100,4.0,1.0,0.0,5.0
395,17031350400,5.0,0.0,0.0,5.0
396,17031351000,15.0,0.0,0.0,15.0
397,17031351100,6.0,0.0,0.0,6.0
398,17031351400,9.0,0.0,0.0,9.0
399,17031351500,5.0,0.0,0.0,5.0
400,17031360200,7.0,0.0,0.0,7.0
401,17031380100,9.0,0.0,0.0,9.0
402,17031380200,5.0,0.0,0.0,5.0
403,17031380500,7.0,0.0,0.0,7.0
404,17031380700,4.0,0.0,0.0,4.0
405,17031381200,8.0,0.0,0.0,8.0
406,17031381400,11.0,0.0,0.0,11.0
407,17031381500,3.0,0.0,0.0,3.0
408,17031381700,8.0,0.0,0.0,8.0
409,17031381800,12.0,0.0,0.0,12.0
410,17031381900,4.0,0.0,0.0,4.0
411,17031390100,3.0,0.0,0.0,3.0
412,17031390200,4.0,0.0,0.0,4.0
413,17031390300,10.0,0.0,0.0,10.0
414,17031390400,9.0,0.0,0.0,9.0
415,17031390500,4.0,0.0,0.0,4.0
416,17031390600,5.0,0.0,0.0,5.0
417,17031390700,17.0,1.0,0.0,18.0
418,17031400300,32.0,0.0,0.0,32.0
419,17031400400,7.0,0.0,0.0,7.0
420,17031400500,5.0,0.0,0.0,5.0
421,17031400800,18.0,0.0,0.0,18.0
422,17031410100,9.0,1.0,0.0,10.0
423,17031410200,4.0,0.0,0.0,4.0
424,17031410500,7.0,0.0,0.0,7.0
425,17031410600,3.0,0.0,0.0,3.0
426,17031410700,4.0,0.0,0.0,4.0
427,17031410800,6.0,0.0,0.0,6.0
428,17031410900,11.0,0.0,0.0,11.0
429,17031411000,13.0,2.0,0.0,15.0
430,17031411100,5.0,0.0,0.0,5.0
431,17031411200,10.0,0.0,0.0,10.0
432,17031420100,8.0,0.0,0.0,8.0
433,17031420200,11.0,0.0,0.0,11.0
434,17031420300,10.0,0.0,0.0,10.0
435,17031420400,13.0,0.0,0.0,13.0
436,17031420500,10.0,0.0,0.0,10.0
437,17031420600,11.0,0.0,0.0,11.0
438,17031420700,17.0,0.0,0.0,17.0
439,17031420800,13.0,0.0,0.0,13.0
440,17031421200,16.0,0.0,0.0,16.0
441,17031430101,8.0,0.0,0.0,8.0
442,17031430102,10.0,0.0,0.0,10.0
443,17031430200,20.0,0.0,0.0,20.0
444,17031430300,11.0,0.0,0.0,11.0
445,17031430400,11.0,2.0,0.0,13.0
446,17031430500,8.0,1.0,0.0,9.0
447,17031430600,7.0,0.0,0.0,7.0
448,17031430700,11.0,1.0,0.0,12.0
449,17031430800,6.0,0.0,0.0,6.0
450,17031430900,8.0,0.0,0.0,8.0
451,17031431200,10.0,0.0,0.0,10.0
452,17031431301,5.0,0.0,0.0,5.0
453,17031431302,8.0,0.0,0.0,8.0
454,17031431400,20.0,2.0,0.0,22.0
455,17031440101,6.0,0.0,0.0,6.0
456,17031440102,8.0,1.0,0.0,9.0
457,17031440201,12.0,0.0,0.0,12.0
458,17031440202,15.0,0.0,0.0,15.0
459,17031440300,27.0,0.0,0.0,27.0
460,17031440600,14.0,0.0,0.0,14.0
461,17031440700,7.0,0.0,0.0,7.0
462,17031440800,10.0,0.0,0.0,10.0
463,17031440900,9.0,0.0,0.0,9.0
464,17031450300,34.0,0.0,0.0,34.0
465,17031460100,17.0,1.0,0.0,18.0
466,17031460200,6.0,1.0,0.0,7.0
467,17031460301,8.0,0.0,0.0,8.0
468,17031460302,5.0,0.0,0.0,5.0
469,17031460400,3.0,0.0,0.0,3.0
470,17031460500,28.0,0.0,0.0,28.0
471,17031460600,6.0,0.0,0.0,6.0
472,17031460700,12.0,0.0,0.0,12.0
473,17031461000,22.0,1.0,0.0,23.0
474,17031470100,19.0,1.0,0.0,20.0
475,17031480100,15.0,0.0,0.0,15.0
476,17031480200,6.0,0.0,0.0,6.0
477,17031480300,5.0,0.0,0.0,5.0
478,17031480400,31.0,0.0,0.0,31.0
479,17031480500,22.0,0.0,0.0,22.0
480,17031490300,11.0,0.0,1.0,12.0
481,17031490400,8.0,0.0,0.0,8.0
482,17031490500,28.0,1.0,1.0,30.0
483,17031490600,8.0,0.0,3.0,11.0
484,17031490700,4.0,0.0,0.0,4.0
485,17031490800,25.0,0.0,0.0,25.0
486,17031490901,16.0,1.0,0.0,17.0
487,17031490902,29.0,2.0,0.0,31.0
488,17031491000,8.0,0.0,0.0,8.0
489,17031491100,14.0,0.0,1.0,15.0
490,17031491200,13.0,0.0,2.0,15.0
491,17031491300,8.0,0.0,0.0,8.0
492,17031491400,28.0,1.0,0.0,29.0
493,17031500100,22.0,0.0,0.0,22.0
494,17031500200,20.0,0.0,0.0,20.0
495,17031500300,3.0,0.0,0.0,3.0
496,17031510100,22.0,0.0,0.0,22.0
497,17031510200,29.0,0.0,0.0,29.0
498,17031510300,49.0,0.0,1.0,50.0
499,17031520100,12.0,0.0,0.0,12.0
500,17031520200,8.0,0.0,0.0,8.0
501,17031520300,14.0,0.0,0.0,14.0
502,17031520400,15.0,0.0,0.0,15.0
503,17031520500,13.0,0.0,0.0,13.0
504,17031520600,12.0,0.0,0.0,12.0
505,17031530100,17.0,0.0,0.0,17.0
506,17031530200,19.0,0.0,1.0,20.0
507,17031530300,22.0,0.0,0.0,22.0
508,17031530400,13.0,2.0,2.0,17.0
509,17031530501,12.0,1.0,1.0,14.0
510,17031530503,8.0,0.0,10.0,18.0
511,17031530600,17.0,1.0,0.0,18.0
512,17031540101,13.0,0.0,8.0,21.0
513,17031540102,12.0,0.0,2.0,14.0
514,17031550100,42.0,0.0,2.0,44.0
515,17031550200,6.0,0.0,15.0,21.0
516,17031560100,7.0,0.0,0.0,7.0
517,17031560200,5.0,0.0,1.0,6.0
518,17031560300,5.0,0.0,4.0,9.0
519,17031560400,6.0,0.0,4.0,10.0
520,17031560700,12.0,0.0,0.0,12.0
521,17031560800,23.0,0.0,0.0,23.0
522,17031560900,8.0,0.0,3.0,11.0
523,17031561000,17.0,0.0,4.0,21.0
524,17031561100,17.0,0.0,0.0,17.0
525,17031570100,13.0,0.0,0.0,13.0
526,17031570200,14.0,0.0,0.0,14.0
527,17031570300,13.0,0.0,0.0,13.0
528,17031570400,15.0,0.0,0.0,15.0
529,17031570500,12.0,0.0,0.0,12.0
530,17031580100,16.0,0.0,0.0,16.0
531,17031580200,23.0,0.0,0.0,23.0
532,17031580300,9.0,0.0,0.0,9.0
533,17031580400,22.0,0.0,0.0,22.0
534,17031580501,12.0,0.0,0.0,12.0
535,17031580502,10.0,0.0,0.0,10.0
536,17031580600,11.0,0.0,0.0,11.0
537,17031580700,7.0,0.0,0.0,7.0
538,17031580800,5.0,0.0,0.0,5.0
539,17031590500,23.0,0.0,0.0,23.0
540,17031590600,3.0,0.0,0.0,3.0
541,17031590700,13.0,0.0,0.0,13.0
542,17031600400,13.0,0.0,0.0,13.0
543,17031600600,7.0,0.0,0.0,7.0
544,17031600700,9.0,0.0,0.0,9.0
545,17031600900,8.0,0.0,0.0,8.0
546,17031610300,14.0,0.0,0.0,14.0
547,17031610400,4.0,0.0,0.0,4.0
548,17031610800,2.0,0.0,0.0,2.0
549,17031611000,12.0,0.0,0.0,12.0
550,17031611100,7.0,0.0,0.0,7.0
551,17031611200,8.0,0.0,0.0,8.0
552,17031611300,8.0,0.0,0.0,8.0
553,17031611400,6.0,0.0,0.0,6.0
554,17031611500,14.0,0.0,0.0,14.0
555,17031611600,11.0,0.0,0.0,11.0
556,17031611700,9.0,0.0,0.0,9.0
557,17031611800,5.0,0.0,0.0,5.0
558,17031611900,16.0,0.0,0.0,16.0
559,17031612000,9.0,0.0,0.0,9.0
560,17031612100,9.0,0.0,0.0,9.0
561,17031620100,6.0,0.0,0.0,6.0
562,17031620200,14.0,0.0,0.0,14.0
563,17031620300,16.0,0.0,0.0,16.0
564,17031620400,12.0,0.0,0.0,12.0
565,17031630100,10.0,0.0,0.0,10.0
566,17031630200,11.0,0.0,0.0,11.0
567,17031630300,14.0,0.0,0.0,14.0
568,17031630400,17.0,0.0,0.0,17.0
569,17031630500,15.0,0.0,0.0,15.0
570,17031630800,15.0,0.0,0.0,15.0
571,17031630900,11.0,0.0,0.0,11.0
572,17031640100,6.0,0.0,3.0,9.0
573,17031640300,21.0,0.0,1.0,22.0
574,17031640400,15.0,0.0,6.0,21.0
575,17031640500,17.0,0.0,2.0,19.0
576,17031640600,21.0,0.0,2.0,23.0
577,17031640700,20.0,0.0,4.0,24.0
578,17031640800,8.0,0.0,5.0,13.0
579,17031650100,11.0,0.0,0.0,11.0
580,17031650200,15.0,0.0,0.0,15.0
581,17031650301,9.0,0.0,0.0,9.0
582,17031650302,8.0,0.0,0.0,8.0
583,17031650400,14.0,0.0,0.0,14.0
584,17031650500,23.0,0.0,17.0,40.0
585,17031660301,6.0,0.0,0.0,6.0
586,17031660302,11.0,0.0,0.0,11.0
587,17031660400,13.0,0.0,0.0,13.0
588,17031660500,11.0,0.0,0.0,11.0
589,17031660600,13.0,0.0,0.0,13.0
590,17031660700,8.0,0.0,0.0,8.0
591,17031660800,8.0,0.0,0.0,8.0
592,17031660900,26.0,0.0,0.0,26.0
593,17031661000,12.0,0.0,0.0,12.0
594,17031661100,11.0,0.0,0.0,11.0
595,17031670100,9.0,0.0,0.0,9.0
596,17031670200,6.0,0.0,0.0,6.0
597,17031670300,7.0,0.0,0.0,7.0
598,17031670400,7.0,0.0,0.0,7.0
599,17031670500,15.0,0.0,0.0,15.0
600,17031670600,7.0,0.0,0.0,7.0
601,17031670700,6.0,0.0,0.0,6.0
602,17031670800,4.0,0.0,0.0,4.0
603,17031670900,9.0,0.0,0.0,9.0
604,17031671100,9.0,0.0,0.0,9.0
605,17031671200,6.0,0.0,0.0,6.0
606,17031671300,8.0,0.0,0.0,8.0
607,17031671400,10.0,0.0,0.0,10.0
608,17031671500,15.0,0.0,0.0,15.0
609,17031671600,9.0,0.0,0.0,9.0
610,17031671800,3.0,0.0,0.0,3.0
611,17031671900,8.0,0.0,0.0,8.0
612,17031672000,20.0,0.0,0.0,20.0
613,17031680500,8.0,0.0,0.0,8.0
614,17031680600,8.0,0.0,0.0,8.0
615,17031680900,17.0,0.0,0.0,17.0
616,17031681000,12.0,0.0,0.0,12.0
617,17031681100,17.0,0.0,0.0,17.0
618,17031681200,16.0,0.0,0.0,16.0
619,17031681300,15.0,0.0,0.0,15.0
620,17031681400,15.0,0.0,0.0,15.0
621,17031690300,27.0,0.0,0.0,27.0
622,17031690400,24.0,0.0,0.0,24.0
623,17031690500,17.0,0.0,0.0,17.0
624,17031690900,15.0,0.0,0.0,15.0
625,17031691000,18.0,0.0,0.0,18.0
626,17031691100,22.0,0.0,0.0,22.0
627,17031691200,24.0,0.0,0.0,24.0
628,17031691300,18.0,0.0,0.0,18.0
629,17031691400,17.0,0.0,0.0,17.0
630,17031691500,11.0,0.0,0.0,11.0
631,17031700100,27.0,0.0,1.0,28.0
632,17031700200,21.0,0.0,15.0,36.0
633,17031700301,9.0,0.0,9.0,18.0
634,17031700302,12.0,0.0,5.0,17.0
635,17031700401,19.0,2.0,0.0,21.0
636,17031700402,15.0,0.0,0.0,15.0
637,17031700501,14.0,0.0,4.0,18.0
638,17031700502,14.0,0.0,1.0,15.0
639,17031710100,5.0,0.0,0.0,5.0
640,17031710200,13.0,0.0,0.0,13.0
641,17031710300,4.0,0.0,0.0,4.0
642,17031710400,15.0,0.0,0.0,15.0
643,17031710500,18.0,0.0,0.0,18.0
644,17031710600,4.0,0.0,0.0,4.0
645,17031710700,12.0,0.0,0.0,12.0
646,17031710800,18.0,0.0,0.0,18.0
647,17031710900,16.0,0.0,0.0,16.0
648,17031711000,12.0,1.0,0.0,13.0
649,17031711100,10.0,0.0,0.0,10.0
650,17031711200,17.0,0.0,0.0,17.0
651,17031711300,6.0,0.0,0.0,6.0
652,17031711400,15.0,0.0,0.0,15.0
653,17031711500,9.0,0.0,0.0,9.0
654,17031720100,17.0,2.0,11.0,30.0
655,17031720200,13.0,1.0,3.0,17.0
656,17031720300,9.0,0.0,11.0,20.0
657,17031720400,5.0,0.0,4.0,9.0
658,17031720500,9.0,0.0,4.0,13.0
659,17031720600,4.0,0.0,4.0,8.0
660,17031720700,12.0,1.0,0.0,13.0
661,17031730100,7.0,0.0,4.0,11.0
662,17031730201,9.0,1.0,5.0,15.0
663,17031730202,9.0,0.0,6.0,15.0
664,17031730300,5.0,0.0,1.0,6.0
665,17031730400,30.0,1.0,11.0,42.0
666,17031730500,17.0,0.0,8.0,25.0
667,17031730600,23.0,0.0,0.0,23.0
668,17031730700,14.0,1.0,1.0,16.0
669,17031740100,20.0,0.0,0.0,20.0
670,17031740200,23.0,0.0,1.0,24.0
671,17031740300,16.0,0.0,0.0,16.0
672,17031740400,25.0,0.0,8.0,33.0
673,17031750100,21.0,0.0,2.0,23.0
674,17031750200,8.0,2.0,4.0,14.0
675,17031750300,4.0,0.0,4.0,8.0
676,17031750400,3.0,0.0,8.0,11.0
677,17031750500,32.0,1.0,8.0,41.0
678,17031750600,20.0,0.0,1.0,21.0
679,17031760801,15.0,0.0,4.0,19.0
680,17031760802,9.0,0.0,15.0,24.0
681,17031760803,9.0,0.0,3.0,12.0
682,17031770700,3.0,2.0,39.0,44.0
683,17031770901,11.0,0.0,0.0,11.0
684,17031770902,16.0,0.0,8.0,24.0
685,17031801300,3.0,1.0,19.0,23.0
686,17031805501,2.0,1.0,35.0,38.0
687,17031805502,10.0,0.0,33.0,43.0
688,17031806801,6.0,0.0,22.0,28.0
689,17031806900,21.0,0.0,39.5,60.5
690,17031807000,11.0,0.0,3.0,14.0
691,17031807200,4.0,0.0,21.0,25.0
692,17031807300,30.0,0.0,30.0,60.0
693,17031807400,16.0,0.0,0.0,16.0
694,17031807500,9.0,0.0,17.0,26.0
695,17031807600,17.0,0.0,27.0,44.0
696,17031807700,13.0,0.0,24.0,37.0
697,17031807900,16.0,0.0,9.0,25.0
698,17031808002,15.0,0.0,33.0,48.0
699,17031808400,1.0,0.0,43.5,44.5
700,17031808702,6.0,0.0,0.0,6.0
701,17031808800,20.0,1.0,6.0,27.0
702,17031808900,14.0,0.0,2.0,16.0
703,17031809000,7.0,0.0,15.0,22.0
704,17031809100,6.0,0.0,6.0,12.0
705,17031809200,14.0,0.0,41.0,55.0
706,17031809300,14.0,0.0,6.0,20.0
707,17031809400,22.0,1.0,16.0,39.0
708,17031809500,19.0,0.0,20.0,39.0
709,17031809600,16.0,0.0,10.0,26.0
710,17031809700,14.0,0.0,5.0,19.0
711,17031809800,9.0,0.0,0.0,9.0
712,17031809900,7.0,0.0,9.0,16.0
713,17031810000,11.0,1.0,10.0,22.0
714,17031810100,8.0,0.0,0.0,8.0
715,17031810200,19.0,0.0,13.0,32.0
716,17031810301,26.0,0.0,8.0,34.0
717,17031810302,17.0,0.0,0.0,17.0
718,17031810501,14.0,0.0,11.0,25.0
719,17031810502,25.0,0.0,13.0,38.0
720,17031810600,26.0,0.0,0.0,26.0
721,17031810701,4.0,0.0,0.0,4.0
722,17031810702,2.0,1.0,25.0,28.0
723,17031810800,4.0,0.0,3.0,7.0
724,17031810900,8.0,0.0,10.0,18.0
725,17031811100,5.0,1.0,41.0,47.0
726,17031811900,8.0,0.0,12.0,20.0
727,17031812000,3.0,1.0,38.0,42.0
728,17031812100,15.0,0.0,0.0,15.0
729,17031812200,15.0,0.0,15.0,30.0
730,17031812301,10.0,1.0,22.0,33.0
731,17031812302,6.0,0.0,3.0,9.0
732,17031812400,6.0,0.0,16.0,22.0
733,17031812500,20.0,0.0,22.0,42.0
734,17031812600,4.0,0.0,13.0,17.0
735,17031813000,4.0,0.0,24.0,28.0
736,17031813100,6.0,0.0,21.0,27.0
737,17031813200,3.0,0.0,27.0,30.0
738,17031813301,4.0,0.0,9.0,13.0
739,17031813302,10.0,0.0,5.0,15.0
740,17031813400,3.0,0.0,6.0,9.0
741,17031813500,2.0,0.0,20.0,22.0
742,17031813600,2.0,0.0,2.0,4.0
743,17031813701,5.0,0.0,11.0,16.0
744,17031813702,14.0,0.0,8.0,22.0
745,17031813801,15.0,0.0,10.0,25.0
746,17031813802,2.0,0.0,13.0,15.0
747,17031813900,2.0,0.0,8.0,10.0
748,17031814000,1.0,0.0,21.0,22.0
749,17031814100,1.0,0.0,9.0,10.0
750,17031814200,19.0,1.0,19.0,39.0
751,17031814800,7.0,0.0,22.0,29.0
752,17031814900,4.0,0.0,13.0,17.0
753,17031815100,4.0,0.0,9.0,13.0
754,17031815600,3.0,0.0,48.0,51.0
755,17031815900,1.0,0.0,12.0,13.0
756,17031816000,3.0,0.0,29.0,32.0
757,17031816100,4.0,0.0,74.0,78.0
758,17031820202,2.0,0.0,66.0,68.0
759,17031820300,5.0,1.0,16.0,22.0
760,17031820400,16.0,0.0,15.0,31.0
761,17031820502,1.0,0.0,28.0,29.0
762,17031820700,1.0,0.0,33.0,34.0
763,17031820901,35.0,0.0,69.0,104.0
764,17031820902,13.0,0.0,41.0,54.0
765,17031821200,6.0,5.0,14.0,25.0
766,17031821402,4.0,0.0,22.0,26.0
767,17031821600,34.0,0.0,4.0,38.0
768,17031821700,7.0,0.0,7.0,14.0
769,17031821800,12.0,0.0,20.0,32.0
770,17031821900,12.0,0.0,6.0,18.0
771,17031822000,12.0,0.0,2.0,14.0
772,17031822101,1.0,1.0,22.0,24.0
773,17031822102,6.0,0.0,22.0,28.0
774,17031822701,3.0,0.0,3.0,6.0
775,17031822702,5.0,0.0,36.0,41.0
776,17031822802,5.0,0.0,4.0,9.0
777,17031823304,10.0,0.0,7.0,17.0
778,17031825700,1.0,0.0,22.0,23.0
779,17031830500,31.0,0.0,7.0,38.0
780,17031830600,11.0,0.0,0.0,11.0
781,17031830700,32.0,0.0,0.0,32.0
782,17031830800,13.0,1.0,0.0,14.0
783,17031830900,20.0,0.0,0.0,20.0
784,17031831000,10.0,0.0,0.0,10.0
785,17031831100,30.0,0.0,0.0,30.0
786,17031831200,11.0,0.0,0.0,11.0
787,17031831300,17.0,0.0,0.0,17.0
788,17031831400,44.0,0.0,44.0,88.0
789,17031831500,24.0,0.0,0.0,24.0
790,17031831600,21.0,0.0,5.0,26.0
791,17031831700,19.0,0.0,0.0,19.0
792,17031831800,34.0,0.0,0.0,34.0
793,17031831900,10.0,0.0,0.0,10.0
794,17031832000,9.0,0.0,0.0,9.0
795,17031832100,16.0,0.0,0.0,16.0
796,17031832200,8.0,0.0,0.0,8.0
797,17031832300,21.0,1.0,0.0,22.0
798,17031832400,7.0,0.0,0.0,7.0
799,17031832500,10.0,0.0,0.0,10.0
800,17031832600,13.0,0.0,0.0,13.0
801,17031832900,12.0,0.0,2.0,14.0
802,17031833000,18.0,0.0,0.0,18.0
803,17031833100,27.0,0.0,0.0,27.0
804,17031833300,14.0,0.0,0.0,14.0
805,17031833900,10.0,0.0,0.0,10.0
806,17031834000,15.0,0.0,3.5,18.5
807,17031834200,32.0,0.0,0.0,32.0
808,17031834300,28.0,2.0,0.0,30.0
809,17031834400,12.0,0.0,0.0,12.0
810,17031834500,17.0,0.0,0.0,17.0
811,17031834600,40.0,0.0,0.0,40.0
812,17031834700,19.0,0.0,0.0,19.0
813,17031834800,12.0,0.0,0.0,12.0
814,17031834900,14.0,0.0,0.0,14.0
815,17031835000,20.0,0.0,0.0,20.0
816,17031835100,21.0,0.0,0.0,21.0
817,17031835200,23.0,0.0,8.0,31.0
818,17031835500,27.0,0.0,0.0,27.0
819,17031835600,33.0,0.0,0.0,33.0
820,17031835700,5.0,0.0,0.0,5.0
821,17031835800,11.0,0.0,0.0,11.0
822,17031835900,28.0,0.0,0.0,28.0
823,17031836000,10.0,0.0,0.0,10.0
824,17031836100,25.0,0.0,0.0,25.0
825,17031836200,19.0,0.0,0.0,19.0
826,17031836300,6.0,0.0,0.0,6.0
827,17031836400,14.0,0.0,0.0,14.0
828,17031836500,4.0,0.0,0.0,4.0
829,17031836600,25.0,0.0,0.0,25.0
830,17031836700,31.0,1.0,0.0,32.0
831,17031836800,15.0,0.0,0.0,15.0
832,17031836900,6.0,0.0,0.0,6.0
833,17031837000,16.0,0.0,0.0,16.0
834,17031837100,18.0,0.0,0.0,18.0
835,17031837300,13.0,0.0,0.0,13.0
836,17031837400,19.0,0.0,0.0,19.0
837,17031837800,15.0,0.0,0.0,15.0
838,17031838000,18.0,0.0,0.0,18.0
839,17031838100,34.0,0.0,2.0,36.0
840,17031838200,54.0,0.0,4.0,58.0
841,17031838300,9.0,0.0,0.0,9.0
842,17031838600,8.0,0.0,0.0,8.0
843,17031838700,16.0,0.0,0.0,16.0
844,17031838800,21.0,0.0,0.0,21.0
845,17031839000,14.0,0.0,2.0,16.0
846,17031839100,96.0,1.0,5.0,102.0
847,17031839200,19.0,0.0,0.0,19.0
848,17031839500,8.0,0.0,0.0,8.0
849,17031839600,13.0,0.0,0.0,13.0
850,17031839700,10.0,0.0,0.0,10.0
851,17031839800,9.0,0.0,0.0,9.0
852,17031839900,26.0,0.0,0.0,26.0
853,17031840000,9.0,0.0,0.0,9.0
854,17031840100,9.0,0.0,0.0,9.0
855,17031840200,18.0,0.0,0.0,18.0
856,17031840300,21.0,0.0,0.0,21.0
857,17031840400,25.0,0.0,0.0,25.0
858,17031840700,16.0,0.0,0.0,16.0
859,17031840800,8.0,0.0,0.0,8.0
860,17031841000,26.0,0.0,0.0,26.0
861,17031841100,35.0,0.0,0.0,35.0
862,17031841200,18.0,1.0,0.0,19.0
863,17031841300,20.0,0.0,0.0,20.0
864,17031841400,9.0,0.0,0.0,9.0
865,17031841500,13.0,0.0,0.0,13.0
866,17031841600,6.0,0.0,0.0,6.0
867,17031841700,7.0,0.0,0.0,7.0
868,17031841800,44.0,0.0,0.0,44.0
869,17031841900,53.0,1.0,3.0,57.0
870,17031842000,25.0,1.0,0.0,26.0
871,17031842100,26.0,0.0,0.0,26.0
872,17031842200,26.5,0.0,0.0,26.5
873,17031842300,34.5,0.0,0.0,34.5
874,17031842400,47.0,0.0,0.0,47.0
875,17031842500,25.0,0.0,0.0,25.0
876,17031842600,55.0,0.0,0.0,55.0
877,17031842800,32.0,0.0,0.0,32.0
878,17031842900,31.0,0.0,0.0,31.0
879,17031843000,25.0,0.0,0.0,25.0
880,17031843100,26.0,0.0,0.0,26.0
881,17031843200,50.0,0.0,0.0,50.0
882,17031843300,14.0,0.0,0.0,14.0
883,17031843400,12.0,0.0,9.0,21.0
884,17031843500,27.0,0.0,0.0,27.0
885,17031843600,12.0,0.0,0.0,12.0
886,17031843700,22.0,0.0,0.0,22.0
887,17031843800,19.0,0.0,0.0,19.0
888,17031843900,34.0,1.0,0.0,35.0
889,17031980000,3.0,0.0,18.0,21.0
890,17031980100,30.0,0.0,7.0,37.0
